id,current_semester,current_cgpa,overall_attendance,at_risk
621a9c6d-e226-4ff0-a22c-2e72a6a48abe,2.0,7.42,84.5,0
34e502c2-fa06-4e5b-afef-98abbff7cfce,6.0,5.64,71.9,1
2c3d1809-b161-465f-9647-776b20a08b71,2.0,7.25,86.0,0
60f7d907-739c-4a83-b7a5-e0c7c2f8c831,6.0,7.21,65.0,1
3b41dfe4-59c5-4f15-ade6-d306f55f22f9,6.0,6.31,62.4,1
b59261e4-5561-4347-b2fe-b2d57d216e4e,2.0,7.64,86.9,0
4b13df1a-81b9-4031-8a44-e4a93d035ee6,2.0,9.11,77.5,0
c7dc9f61-161f-406d-b9de-82b00c1645ad,1.0,7.31,86.0,0
5041cb6b-2d2d-43cc-9b2a-623e3d68809a,4.0,7.43,92.6,0
205ab441-ba97-4d3e-94c9-31da22e5306f,6.0,7.49,56.7,1
73313afa-c5b3-4404-a6fd-cefad75d1eb6,6.0,6.78,66.1,1
6090a4c3-d95b-464f-bfeb-ba44374e5431,4.0,6.83,78.2,0
bf0e18dc-22a1-49a0-810f-640c425d4b32,6.0,6.27,71.1,0
dbbd36ea-a403-4737-8c04-fc22f1633c9a,6.0,8.87,76.6,0
5da8fb5e-cd61-4859-8000-017fe7bdd278,4.0,9.22,70.5,0
1fc6613b-54fd-4adc-a5df-889c7946c6f1,1.0,8.02,83.9,0
c5bc9879-c820-4812-84d9-b40ce5074d05,4.0,7.68,79.6,0
03311a3d-c10e-4431-ab52-3e503cb2ecd6,1.0,7.46,90.9,0
be3597b2-e328-41e3-8625-f0f063f73070,6.0,9.2,85.1,0
8f752177-8b62-4d2d-8600-9b05fbe2169b,4.0,7.73,75.4,0
a9219240-e534-4273-b0b8-7b591cdfd764,1.0,6.57,79.2,0
5ec4f153-e109-4264-964c-73d252319f0e,1.0,7.97,86.1,0
bd0bfff1-aa08-469f-ace3-025aed67e75a,1.0,5.05,78.1,1
1ca793cc-1198-435a-9f94-a3e8496154bb,6.0,8.85,73.4,0
f66e0d59-bc27-4097-96db-9ccc9fd6b509,2.0,7.49,89.5,0
c854faf3-84cd-4da5-a49a-3239315a747a,6.0,8.14,81.9,0
468d5573-23a5-4e70-910f-a6582f4a9796,1.0,8.34,63.7,1
5b77e068-e415-428f-9c47-56281164a8d0,6.0,7.37,72.1,0
c0c6d86b-6877-425e-b5e2-5b6cea1e2664,1.0,7.57,75.6,0
274e5dc2-8313-420e-af64-62d711c5d8a9,6.0,9.13,72.8,0
a41bfbe4-df25-4d9a-b39c-deffd5136493,4.0,6.84,69.6,0
f099bf6e-1119-4e3a-ad70-6afc47697f2d,1.0,9.34,81.3,0
3d2634ae-ac32-4d69-96a0-46233b2d7dad,1.0,9.05,62.8,1
907b3117-be17-490e-b321-815152024843,4.0,6.62,83.8,0
367906ff-ef0a-467c-89ba-6fadff57f435,6.0,8.07,72.5,0
5f98ac60-2390-4b08-b203-436e27e21256,6.0,6.22,88.0,0
a28a7e4f-6327-4d2a-9fb6-c5a24dd9c085,2.0,4.74,89.7,1
b2ed1d86-f2ea-4994-bb8a-a6d29c11d68f,2.0,6.58,83.8,0
62635a52-79be-4983-a930-e0a4dddc561a,2.0,5.51,90.1,1
7200bf7a-08c0-4ca4-9c0e-6d596569e2a1,1.0,8.23,51.7,1
d0a7a248-1401-4ba2-90c5-fcb92e59123f,4.0,7.64,72.7,0
2edafeee-b273-45ff-8ad6-7fa3a827fdbd,4.0,7.17,67.9,1
95367de5-7130-4f76-8f84-a68859c30c97,4.0,8.02,62.5,1
f1f11b54-ca1b-49d1-88b5-b9f36a57a9b0,2.0,9.81,71.3,0
7006ec6d-87ac-480b-86ea-a9b8143bc4ed,2.0,7.43,57.4,1
735fac46-561e-4e9b-8fab-1744b8f7309c,4.0,7.62,95.3,0
b6661307-cbf4-43cd-93c7-7bfebc22236a,1.0,5.82,90.6,0
112ea380-f370-463c-abad-540b5bc5b02c,4.0,6.44,79.1,0
6a4df9d2-08a8-4900-a4d1-b1cce5358b67,4.0,8.87,76.9,0
2d2d894f-bc2c-4b38-821b-b88283ac77ad,4.0,8.51,81.8,0
72678c82-38a3-423a-a567-7f09511ce1cb,6.0,5.44,81.9,1
9331d740-9ea6-4db5-b548-2213e206f732,6.0,6.76,72.9,0
0b8c6994-702c-4cd6-9023-93a536fdda55,4.0,7.96,77.3,0
391e48f1-7d0b-40be-92c6-592eda356258,6.0,7.07,69.7,0
27853259-68b6-46ee-99d2-e2cd051972fb,6.0,6.3,78.1,0
fabd594b-c2b4-4d6f-a344-573d868164d8,1.0,8.05,90.4,0
2da6abd3-1ac5-4187-83ae-69e65e94daa0,2.0,7.0,85.9,0
609bf32f-ef88-4183-8520-3469675c5ad3,2.0,9.7,82.3,0
fd8f6e7a-d896-47c4-8950-0208bf34097f,6.0,6.62,77.8,0
fce41950-4037-4603-9b82-da005fae7ad0,6.0,8.11,82.8,0
7fd2adc1-e640-4b50-a95d-9f8229652987,2.0,6.61,88.2,0
df6e6a38-cb17-48e9-8503-d29b0c34c068,4.0,7.69,90.9,0
064e4451-fbcc-4e2c-98df-4c9392264c60,6.0,8.9,76.3,0
346e2838-f1b6-494a-ad10-1e53b5a44b54,6.0,7.36,98.0,0
1da664ac-810c-46b3-a2be-8e9cc0e3030c,2.0,8.18,82.7,0
89844b29-684e-4711-8815-c6888760f4df,2.0,7.02,76.9,0
c60210a0-2054-4976-8d04-93b5738010b0,6.0,8.08,87.9,0
d0e331e2-b577-460d-b447-c38d2f8cf4bf,2.0,7.8,63.5,1
3ad01eef-4870-4b95-82d2-f092a08cae45,4.0,7.83,64.2,1
28f45d5e-3ca4-414c-8d8f-ef6292be852f,1.0,5.9,84.2,0
8e7667bf-cb57-4dad-89a5-464570b930cf,6.0,9.19,78.5,0
09c68ade-d265-41b2-b165-4dfdd282e15c,1.0,8.73,76.1,0
8fe529aa-f7fc-4e26-a519-e1a6ea9dcaa1,2.0,6.77,69.0,0
51d648a0-b49b-4f64-aa29-413ad1d43861,6.0,6.58,67.0,1
ceb67719-fd3d-4a91-9763-0a1afac5f32b,2.0,4.78,70.8,1
1d634bcb-1e4c-4d83-ad56-01a45c2b82c0,6.0,6.9,76.9,0
dfde5886-a435-499d-9a4b-e5353b1b3ef6,2.0,6.21,84.9,0
651b7fa7-b45d-4d55-9113-33adab00051b,6.0,7.05,97.7,0
5bb1fb9b-c011-4651-a87f-bc387702d0e8,1.0,8.26,69.5,0
8f128df5-f3ab-4bad-8ee8-00905acf346f,1.0,7.61,97.4,0
054a5ec2-537e-440c-a150-f427cd98fed6,1.0,8.01,77.2,0
873b1707-ebea-41fe-9627-6f38c5b22743,6.0,4.5,84.0,1
bc76a678-df74-48ec-bbe8-baf2133f63bf,6.0,6.75,73.1,0
73fa98ac-f27e-4723-aa28-3ba7a197eda3,2.0,7.7,76.6,0
5b724cf4-1098-49ac-8f0d-5945af648bbe,4.0,7.63,82.4,0
7cc457a4-a683-4f52-a032-e024018a2325,2.0,5.68,82.6,1
59030cad-3a1b-48ef-9d3e-7200bc044221,1.0,7.85,72.4,0
937f4d67-f6fe-481b-9743-e14f7c914d40,1.0,7.16,92.5,0
b547aafb-3f8c-4c9e-988c-125ddf5c8565,6.0,8.82,69.5,0
a0a03fae-0280-41ef-bd59-e491f86e6bcd,4.0,8.04,96.9,0
16654cf5-0dbe-46ca-bc6d-bc0eb686f04b,6.0,6.93,79.4,0
2195f2a4-7b37-4373-b6dd-55cfa6182581,2.0,5.48,68.1,1
c66ec193-2cd1-4f45-ac3f-fa1caba2ffe8,4.0,6.38,66.0,1
68ad6e38-e6f8-4388-b448-f7cc37d53371,4.0,7.89,74.6,0
5dddf8ec-f9e6-4e05-a2be-5df1892fbd38,1.0,6.12,61.3,1
9c967545-2216-46fa-95ce-5f15db52a6ca,6.0,8.54,77.2,0
fbeeb084-9c6b-4567-a8d5-a9cc0989f288,6.0,8.43,81.6,0
63d9ec0d-a6d8-48ff-8f36-5298388ca746,4.0,7.74,71.1,0
5f24eeb4-7edd-46d1-9bce-beab25093d71,2.0,7.57,73.4,0
9625757e-7b13-4777-bfd2-f7efe3fb69c4,4.0,7.34,84.2,0
fa5e4ff9-07c0-4945-919e-ffcfc2b67440,6.0,7.03,54.7,1
d0bebdf3-b2c8-41a1-9632-bee14f91d1b9,1.0,7.1,66.9,1
bfeac8cd-70de-41ab-aae8-9db7fb298d97,1.0,8.87,78.0,0
224a491e-b267-430d-8a0c-ee9e19880a7c,1.0,6.58,80.9,0
7612300c-13b5-494d-b31e-45f0277d9f4b,4.0,6.87,67.0,1
18be0e32-197e-4df0-8948-2a65eafedaa7,2.0,6.81,68.6,0
05b78ffa-dcb2-4499-967e-d687fd852e65,2.0,8.05,69.8,0
a8d23c1d-41bc-431c-b13a-ec8771147638,6.0,6.04,68.3,0
2bb2dd9f-4e45-49ac-863e-11edeed7e869,4.0,8.46,68.1,0
7076cf5b-b6ce-4b9a-8766-4819cdebceff,1.0,6.44,83.3,0
d429c2bb-e6dc-408b-98cf-a4a048882e0f,4.0,7.41,75.0,0
11fa9fa2-4971-40a3-9dc2-e676e2b27a4c,6.0,7.07,82.9,0
f4e38da8-2672-4599-8a01-b7027e4940fb,4.0,7.14,85.7,0
aec7a09d-cce7-4f59-b134-5a2de1609367,4.0,5.13,78.5,1
e4523ecf-bfdc-4ac6-bc2e-d7311f35c05f,1.0,5.71,70.8,1
d0b10b08-c5aa-40d9-a63d-bf7bf4e29c98,6.0,6.88,80.5,0
830bc4e6-6a2e-4714-991e-d3ccfb4cb7cb,6.0,6.63,77.1,0
d7d9c1fb-61f8-4826-9244-4fc724c10503,4.0,7.37,85.3,0
721c4609-6bc6-46c6-b64d-acae200964c9,2.0,8.51,66.9,1
5860d71c-eeb2-43f9-bf23-d369127d562c,6.0,6.91,89.7,0
5708dc25-f806-44f5-be17-75cb4ed8abd7,1.0,5.92,81.7,0
30cc6b23-8c66-463f-8a89-32002c807ecc,4.0,8.67,75.3,0
e3e027a0-404c-438e-9b96-6915df9ac2d5,1.0,5.77,76.2,1
e37435ed-b80b-46a4-b1c4-2c67effec2b3,6.0,6.66,90.8,0
13a15c8e-cfc3-45d7-8968-d1eed581e232,6.0,6.82,75.5,0
2d7d77a1-16a2-4d29-8024-8cf89fce4108,2.0,5.79,72.8,1
31f846b7-b8f0-4204-952c-b886f2d3c009,4.0,7.5,84.4,0
820d3435-69f9-4542-bbc7-53817d9b075d,2.0,8.59,67.8,1
35e42779-079f-425d-9f2f-266fbb0c4d19,6.0,5.87,87.3,0
adb162ca-3c48-4063-a1f7-004a5a975fbb,1.0,6.45,80.6,0
600a7614-8211-46e4-82bf-c0e719fb0c3a,1.0,8.47,68.6,0
03a9127e-d63e-41b3-8bee-89755be92428,6.0,8.2,75.9,0
ebb1915f-d328-4e0e-b86e-956ee6fcd97c,6.0,7.17,83.1,0
5d86059e-9ca8-4411-b11e-8b27b76b339b,1.0,5.45,62.6,1
4a1f8d7b-dbcf-4242-96c7-ef9d6aeb0e10,4.0,7.28,81.8,0
66e3c9d5-2d66-4671-8e86-6cba5ad48d76,4.0,7.2,69.5,0
8700c3f7-810d-40ef-b49b-ed095aa26a5e,2.0,8.74,84.0,0
f7778b69-42e0-4d77-9d5f-906ab089a863,2.0,7.66,68.7,0
9461c275-9e50-4dbf-844b-fdcec220b20b,2.0,7.69,72.2,0
1a6b449a-6f07-41ae-a808-2a1777a873fe,2.0,8.04,97.1,0
4886a7ec-9f8a-4141-812f-7adc1d815651,6.0,7.42,71.3,0
13ed051d-5b51-4aa5-8842-81d0e5806f5b,1.0,8.34,71.8,0
ecca7626-ae07-4f23-80da-9ddb1c516eda,1.0,8.83,85.6,0
ca77b9b0-3cd4-46a7-a0b3-c823780bf8b2,1.0,6.39,71.5,0
c6d291b4-cb0e-437c-8f0d-247676f2cf42,2.0,6.04,63.5,1
260211ee-937c-4df8-8848-9c1a0478c2f2,1.0,7.84,79.4,0
c8749c2b-b4ff-4f32-98e9-7daedb9e2ee9,2.0,6.95,80.0,0
6e59252b-8f4d-4b5a-8e11-c84524a75f63,1.0,4.76,75.8,1
22269da9-6a06-4549-9c7c-daa80bc404d3,6.0,7.71,81.7,0
32c44be7-76c1-4d77-a22e-66f87fb71acd,6.0,6.45,75.7,0
a11c7b94-3d35-4dcf-b26b-40a14c9c4994,2.0,4.5,84.9,1
98ce75a1-d148-4552-8946-5b38883ecef3,6.0,8.14,85.3,0
4bf65490-9937-4be1-b20c-5e676bb7785c,4.0,7.47,72.8,0
9a37bd95-c5e9-433b-a1a2-3a7c10975b01,2.0,8.77,74.2,0
db938d4c-c25a-4cac-bd69-6bcda93aa4cf,6.0,6.67,78.4,0
44e310ef-e692-422a-a593-c9867b6155d8,6.0,9.05,82.9,0
08a3fd49-db4f-4293-9631-cbf8c89d0a87,2.0,6.76,71.2,0
af70f11a-dacf-4a55-906f-d0f616848658,4.0,7.04,83.7,0
d2330171-f678-4f36-aee3-060fc9493057,2.0,6.77,80.4,0
3ba6bb55-fb55-45c1-8c1e-5c545095c667,2.0,7.66,84.5,0
f8bd4c71-45ff-4dab-b2d3-bbf1ebcd193b,4.0,7.64,88.5,0
19139439-ffbf-483f-ba8d-7ac63c091b03,6.0,8.13,68.9,0
2c31b150-b3c4-489f-8693-6013b9436ffe,4.0,6.76,85.4,0
3f585e7a-a76b-4a8c-94a4-c4043f78aeee,2.0,7.7,68.9,0
03a9826d-4b05-4977-b633-909e5cab854f,6.0,8.1,86.0,0
be804ffe-7b1c-4afb-be73-892ffdcaa995,1.0,9.36,77.4,0
fe7d693a-701e-4722-b742-b18e299411ad,1.0,5.55,68.6,1
2cd8aded-286c-4d6b-aef9-d3f737ee116f,1.0,8.21,92.1,0
4454e29c-1b68-4767-aaef-cb16b89997b4,6.0,6.23,82.6,0
8afbbc17-5de9-41d9-8309-09ea87c46621,4.0,5.87,76.8,0
4117a364-ae31-4089-8541-dac4555bee96,1.0,7.72,86.2,0
bda3289e-fa56-487f-ab01-2addfa83b70f,1.0,6.95,87.8,0
6100bd34-64d4-4824-9fc1-d2a28fb1ef85,2.0,10.0,85.7,0
1bb6f043-1c46-4430-890f-7bab8ffbd88f,2.0,9.09,71.6,0
eb92fbf1-8d20-4f42-872a-8aaa1edb0d66,4.0,8.57,82.2,0
bb1407aa-54d3-4443-bcf8-26a6e4b53711,1.0,6.61,79.5,0
c09b927d-fe3c-4e8d-a157-100cef49d473,4.0,5.52,74.6,1
a85f56b6-d3e0-40ad-8013-54d17dd157d8,4.0,10.0,67.6,1
409cf411-6e95-4cdb-b382-448abd0c129a,1.0,7.89,74.7,0
bef769fe-c1a0-4bf9-aa74-75899f4c4c31,4.0,8.48,79.4,0
cbe48a00-dba8-4941-8877-14b9d4018bef,6.0,6.96,81.4,0
51146eb7-964c-49c5-b017-92e613faf320,2.0,8.38,75.8,0
d689ac4b-bafe-4de3-afc0-e804c2580239,4.0,6.23,85.8,0
ad1cfaf1-754b-48ad-afc9-65092927ffc7,2.0,6.09,85.5,0
c1083a62-3b14-4f0d-8ffd-1c6cbaae1aff,4.0,6.79,75.7,0
f5a9cfac-58d1-4b44-9fe1-0b48e485a3ec,6.0,6.02,82.3,0
4fc2d90d-1585-4489-9ff9-6efd2aa92b0e,4.0,7.08,76.9,0
fb2c6ae3-df5b-4ce9-aebf-5328b0399ab1,1.0,7.68,83.9,0
6acff061-b26f-4ed0-b643-7e8744c10050,4.0,6.77,70.1,0
2de02bf8-dad6-4d6d-b1b4-371757677280,1.0,6.7,66.3,1
53e1e785-d6ed-4904-a0a3-d5d5fbef2753,1.0,5.29,61.4,1
95a87c74-750e-4a67-a9cd-e11e462e8260,4.0,7.33,67.4,1
2fb2c8b1-e864-4ab0-9271-1d083fe14749,2.0,7.6,98.0,0
fabd70fc-d6f2-4cc4-b34c-1379e85b960a,1.0,7.05,77.3,0
6b8a2c7d-2352-4224-b0d2-449f0997b999,4.0,7.99,71.0,0
3429e66c-34c4-4c6d-880e-b1533d5cc61d,4.0,6.7,83.9,0
2d35b1f4-f239-4d0a-8fe2-6dbd3991554c,6.0,7.94,73.4,0
121dad7f-adcb-4cfa-98b0-086aeca4ac60,6.0,7.36,60.1,1
2627b2fe-5f07-4dc4-9587-597de2848dc9,1.0,6.29,76.3,0
0c7864f5-f70a-4ef4-9532-68be5cec2413,4.0,6.55,86.8,0
06d36a42-a4bb-4852-8940-4dcf346b5523,4.0,6.84,87.9,0
e5daf360-227b-4498-8be4-f6377838e453,1.0,8.45,95.6,0
e7f7794c-9349-46fb-90c4-5d880bce28e9,6.0,7.65,74.8,0
ca0d8d1c-f746-4896-a363-530b495079f0,1.0,6.24,89.4,0
eee4b532-e095-4ce8-b5bc-7563e68b3e43,2.0,9.59,80.7,0
6078c613-ddd0-4405-ada8-7d19958af0ce,4.0,7.92,91.1,0
feb55156-cb88-4ab3-b9f6-de2ba4ee6975,4.0,8.26,78.0,0
ca34d703-c5f0-40d3-b570-d57728c74960,1.0,7.01,77.3,0
4e031b12-b862-41df-8fb6-89dc46a11145,6.0,7.73,98.0,0
511dc1d1-cdaa-440c-9440-19f6e47c84c0,6.0,8.4,97.9,0
0c68f883-aefd-437b-a79c-b3228e962429,2.0,5.93,90.5,0
6ff4f702-9890-4b07-8aad-27a23d83a88b,1.0,8.45,76.6,0
9e1d912d-ca84-4fde-a46d-a190e20223b8,4.0,6.65,63.9,1
226cdeb9-2944-4b73-a8db-c0a09e1d6871,1.0,7.17,83.3,0
a12b4220-8d69-47ee-b2da-fbe283d107bd,1.0,7.81,81.4,0
da4c690e-a178-42de-83ef-56798b0b6ebb,1.0,7.75,61.1,1
84b1ec70-0060-4429-ad11-d1b7321a067b,1.0,7.24,87.7,0
c53c0eb6-6619-4fb1-9280-7ac1349f6140,4.0,6.78,80.1,0
781ab867-85b4-4a89-b657-2560e8e11e9f,4.0,6.89,92.7,0
7effa285-57fc-4580-9cfb-a36daee85193,4.0,6.95,86.4,0
13ae7278-6bc5-4b1e-8115-0796e715a34b,6.0,8.68,74.9,0
c29d5a7c-2e78-4cd7-99ba-38b001cfbfd6,4.0,6.8,72.4,0
7621896b-a702-43ea-9b6d-0b3ada0972db,1.0,4.74,73.2,1
67acaf37-09d1-4ba8-9fb0-589c1c22065d,4.0,7.18,75.9,0
3f2306e8-733e-42be-991e-d9bac41e3a98,4.0,6.27,82.2,0
cd3921df-af1c-4e1a-a800-7743ad60fb5c,4.0,6.76,86.7,0
7d636658-44c2-4756-96e6-697014364165,2.0,7.73,79.9,0
2c9069d4-9a88-4ae7-99e8-4f8be0e22fc2,4.0,6.38,75.3,0
e9abd609-e222-4a3d-8c98-cf43455ef66d,6.0,7.2,55.8,1
33dfdc25-fe94-4ab8-97a9-9d843eca1d1a,4.0,6.87,83.9,0
cf725189-0502-4882-be60-f008746364e9,1.0,6.45,73.2,0
b289de15-f628-42c0-9b31-6f3c9c25c66e,6.0,6.91,70.1,0
1e1eb656-7ac2-4ba4-89c5-b9071f823d86,4.0,6.28,73.3,0
d85e8fca-bbb2-432a-922e-f426346f1357,6.0,6.61,79.2,0
05aff4fc-0ef5-40ff-99ad-8b7c67374707,6.0,5.44,70.7,1
6cd7d8b3-c3af-4e50-8560-b1df0af0c3aa,6.0,6.55,74.7,0
89ffb026-0aa3-4fe2-900d-586acff84510,1.0,9.21,90.9,0
a2fb666c-3ad8-4c6e-a3fd-186b8b563569,6.0,7.54,70.5,0
196f7491-0a87-49ba-bfdf-da1fce407e41,2.0,5.82,75.5,0
1d6c3143-7e5b-4247-af44-b4738b1ce4d4,4.0,9.45,74.0,0
5a991d9d-7d71-4b4f-a3d2-fef8d9bc66cc,2.0,8.36,62.1,1
b89da6be-0137-449d-a852-44063465cce8,1.0,6.44,77.6,0
ff5cf24e-86e2-4b6d-8bd4-08c0725e1f1c,1.0,6.17,65.8,1
5e6e508c-86eb-4621-a320-03ff96bef7bf,2.0,6.57,90.8,0
7d009897-58e5-4e80-b790-233714da2324,1.0,10.0,78.6,0
0e915a9c-5f50-4427-9524-e51633f06ad9,6.0,5.6,95.7,1
32601f4c-ac26-46dc-b11f-f30daa1e54e4,6.0,7.51,82.8,0
85255be7-77f6-41bd-8cd2-92739befd69c,4.0,6.54,79.6,0
c2333b31-09ec-44b0-b676-c9154914e222,4.0,6.26,65.7,1
6eb783df-851f-4b52-a38f-06c17a232bcd,1.0,6.43,70.6,0
52af834e-801d-461c-bb7c-4625f9a73384,1.0,7.14,84.0,0
38982a79-49a1-412b-b2a1-174290b886e1,2.0,7.85,92.9,0
f0ea0fe2-f9e9-4a52-ae84-3efa8051a3be,6.0,7.5,94.2,0
fb548331-f4e9-4ad6-bf26-6c49b50598aa,1.0,6.19,91.0,0
ded5b364-8588-458e-a9f7-e2a193883775,4.0,7.81,79.5,0
ca239e5a-e87b-4521-8602-e18c40dcbded,6.0,6.45,67.9,1
3f0c0058-6e4a-4577-8cd3-5838c6a78ae9,1.0,5.66,68.9,1
37ded831-df02-41b6-b566-5b713bf15bb6,6.0,5.83,82.9,0
f084fc33-aa1b-4930-84ca-c1544cf2ef6d,2.0,7.71,83.5,0
af175c0c-15f0-44f8-81e5-ef8524d49392,2.0,7.03,64.5,1
a14a6397-5b93-464b-b6d8-3ebbe5e7f1c4,6.0,8.81,68.3,0
7f323044-97ed-4628-84f2-587b2028e5c3,1.0,5.63,97.2,1
b196267c-e9ec-446b-bb9d-7daaa27cc54c,2.0,8.12,65.8,1
9129f6dd-8c42-4689-8390-b53442393f78,2.0,8.54,84.8,0
861f280c-3cfe-4b18-9c18-3ecca68192af,1.0,9.48,78.2,0
009a5366-715a-44a4-a575-400171178811,2.0,9.16,78.6,0
e309f6c1-3d89-4582-be44-594c355de08f,2.0,9.66,92.2,0
2bf9d12f-2d2b-4f7d-be18-857095334cf6,4.0,6.62,70.1,0
98741a3c-0101-46f1-91bf-4e998872c26b,2.0,6.56,80.8,0
f81012b0-336d-475e-978a-62fa6bad2777,1.0,7.16,83.6,0
d126ca15-f173-4e5d-81d2-5cd2c3c6e19c,6.0,7.92,98.0,0
2827d682-37df-4ce1-bbf3-9a60813adb16,2.0,7.72,72.3,0
0271955f-73e9-486c-aa69-22c6b30e7255,4.0,7.71,81.2,0
9ffc5036-e640-4c0d-8ea4-34c012166d44,2.0,7.81,76.3,0
97b50ebe-91e6-4fb0-a91c-135abc8331ca,6.0,7.76,77.2,0
ad1c08a6-3a5d-4402-9394-1c067df9d095,2.0,6.94,98.0,0
a44b713b-5de1-44ef-9d5f-dafe07c64fde,6.0,8.4,84.2,0
6b1dadad-96c2-49f5-84a4-8c090c6ca578,2.0,5.32,80.9,1
5a180a68-54be-4b6c-af4b-9c4072b7383b,1.0,5.39,75.0,1
979c5139-8e28-4f80-9db7-faa090cfc4b7,1.0,6.0,95.1,0
9e562acb-851d-41d2-9875-9842ea42fe88,6.0,7.08,68.7,0
2bda3d37-e0f4-48cc-9cc7-ee93364d80e6,1.0,7.8,79.4,0
b294feb3-9edd-4130-aa19-51ab3620f741,2.0,6.85,54.4,1
dd718e4e-5783-46d7-993d-657fc25b4bc1,2.0,6.9,63.0,1
bfa9803f-ace8-45c0-8031-109c494be49f,2.0,8.85,98.0,0
baf154b5-2d4d-4c0a-b4fd-2b05d2feb16e,4.0,7.43,79.1,0
e62b1509-924f-49ed-b148-ebe005f3b3d1,4.0,7.04,74.5,0
392519ab-fef0-4af9-b669-0366ff089c3b,2.0,6.51,81.3,0
967e9c59-a0a5-4c88-a46d-25b7fcdf0d4b,4.0,8.45,70.0,0
3ff7a083-bbb8-4966-a9a1-1124f6072d27,4.0,5.35,84.4,1
ca37fdd3-d86c-4a59-be8b-20eb2ef37fca,6.0,5.57,98.0,1
53d735ae-0b66-4612-8de1-45b5b36f2c5a,6.0,5.82,98.0,0
facb6741-3b79-475c-8523-b8c4a0ed17d9,1.0,8.05,87.1,0
3a834626-4b2d-40ad-af64-391d6d26242d,4.0,7.88,86.5,0
fe2ab766-c230-4fea-94cd-c699bfe2124d,6.0,6.65,70.0,0
87176dc9-9357-4050-9eac-33089f76d613,6.0,8.48,92.3,0
9877e6b1-3dbd-4639-9554-23724ee2c71d,6.0,8.6,61.4,1
9467a5a0-7ccc-416c-8cae-944aed9f9320,4.0,8.87,91.2,0
62c44b4b-e9cc-4962-aa45-cdf98a4d9d4e,4.0,9.09,78.2,0
ae58e1a2-83a2-4a00-b180-ebf074387d60,2.0,8.3,68.1,0
a7e54863-172b-49ba-b337-e831cb190afc,6.0,7.94,56.9,1
2e581dd5-2c58-4883-b47d-a38757a9ae2c,2.0,6.03,87.2,0
19e7e30a-9014-48e2-97a8-a82136a65209,2.0,7.59,77.2,0
148f981d-05e3-45d6-a6a5-884a8ec8b09f,2.0,8.68,76.6,0
6084b88e-7a2a-41e6-9c65-b0272b99019d,1.0,7.28,60.0,1
108be8c2-c46c-4508-8eee-90d4ecbb7007,6.0,8.53,98.0,0
67319a27-1f17-45dd-9c7b-047d2b7b4bd5,1.0,5.7,78.0,1
5a29a8d1-4006-4a46-a1cd-46c3bce70e8d,2.0,8.72,98.0,0
891d3a1b-102f-4954-b3c7-bd714661e911,4.0,6.98,70.7,0
ce7c0672-b2c4-47ee-a04c-b9c605806d05,2.0,6.96,61.7,1
1f111f32-6dea-4fb2-8266-3afcc57e1bda,1.0,7.27,77.8,0
74abd212-9d4f-46c8-be47-9e8f5727300d,6.0,6.9,86.1,0
02eb3988-d904-491b-a8f0-624840cdfd5b,4.0,9.15,66.8,1
5c7d2b4f-8d36-4f85-bc52-905eb86c5725,1.0,7.15,80.4,0
183ec393-673a-4381-a789-805b44ed63d0,2.0,8.7,61.1,1
2a74a1f7-4817-49e3-aa83-fe858c9309e7,6.0,7.55,86.2,0
40a61690-bf42-4f59-b592-9457a1d8c464,6.0,5.03,82.6,1
4a9797d1-c415-4454-a869-91ae222216c6,4.0,7.92,84.1,0
ff722687-67d6-48c9-9bc2-b0310632a222,2.0,7.32,77.7,0
f30d26fc-0427-4381-98e0-0e50c28045fb,1.0,6.58,70.2,0
5f40dab2-cc69-49e5-b14c-2f5b4034448f,4.0,7.51,78.6,0
7298b618-497f-42ee-9e4d-78d5ac898fa2,2.0,8.51,96.3,0
3afa5079-75dc-467c-9d00-4ffc5a3d10aa,1.0,6.91,84.0,0
b1a50bdf-1d4f-4ed0-9195-752c75f7fff5,4.0,8.75,90.6,0
67c69404-4b2a-40a7-b081-d7b9858c2021,6.0,6.48,64.9,1
f0b5b045-aa4c-4d6f-a659-650cbaaecb75,4.0,6.83,63.9,1
819fbb44-a47d-4268-b4fe-07a08755c05e,6.0,6.97,97.4,0
884f29c5-f10f-4219-a7b2-a143e98d99c0,2.0,8.21,90.2,0
800dadeb-a4b5-4ab3-91c8-1725ae3fdb6b,6.0,8.31,64.4,1
e61fd452-72da-45f6-b3e1-ffdfc86b08a4,6.0,8.0,82.5,0
e8843073-606d-40d5-a309-f67a825c73a5,4.0,7.02,72.7,0
817de8c1-c5e2-40fa-9561-2c6f470343ac,1.0,8.33,76.4,0
e9bd7e45-5a3b-460b-b29f-8bc8225ce18f,4.0,9.5,93.2,0
53efafe3-7bf0-4171-b368-f5ffdd3a0e13,1.0,7.92,75.9,0
6be14b8c-0196-4b0b-9d4b-004b38ebc617,4.0,9.17,76.2,0
f28b955e-3429-4554-805f-6ae433c26064,4.0,8.21,66.6,1
607f8e96-b735-4676-bc7f-035b2e782ee7,2.0,7.58,98.0,0
916ca084-1eb5-4387-ba35-a130d7dac3b2,1.0,7.81,67.1,1
82cb0222-b361-4899-91c6-f06468d0edff,6.0,7.38,78.4,0
b27fbe5b-04b5-442d-b4e6-5f8118d5c9d3,1.0,7.16,68.3,0
594c23e8-2de2-45bd-a891-64a7936fee4d,2.0,7.29,75.3,0
605f6266-3e4b-4fec-ac48-71e7254a94f3,4.0,8.46,98.0,0
ddc1ce58-cacc-42f1-882c-389ba58f04cb,6.0,7.58,66.6,1
ee45dbd4-2452-406f-8796-863b951161cc,4.0,7.32,72.8,0
24c51da0-2db2-404b-98fd-cb2f3f81025f,1.0,10.0,71.9,0
9f894961-776e-479d-84be-0e3d363df6a6,2.0,6.73,53.5,1
c8004dfb-cc97-43b7-a424-323e26ee3428,2.0,6.9,60.5,1
d6eb4a19-e11a-4f40-8b56-3cd47d28b15e,6.0,7.13,78.1,0
ae34df1d-486b-46c6-8cd7-a3b2834ecc3d,4.0,8.38,64.2,1
5f59f791-a34e-4457-af51-b0662d210849,4.0,7.33,64.4,1
43c92216-852b-48eb-bf52-a9eb0dc34636,6.0,7.37,71.1,0
705321fa-cf66-440a-b638-e21a7561a2da,6.0,6.49,86.6,0
f4117b48-c67c-4811-b11a-54f6915e8a0c,6.0,8.0,86.5,0
55697575-391b-42dd-9dc0-dcb8731eca1e,4.0,8.8,74.9,0
c923181a-e3bd-47c1-98a3-c804899de2f4,2.0,6.86,84.4,0
525bfd9d-a612-44ee-8e81-ef48eabb894d,1.0,7.5,94.2,0
525e3275-5d08-4f97-bfa4-e5e1fe2d2e31,2.0,8.83,80.6,0
269f24b3-58ce-47dd-8a6b-7b68527d99f2,2.0,4.5,76.2,1
6c92b071-a3aa-401f-84fa-f2275669aeb2,1.0,5.68,57.7,1
0cd7a5d4-b989-4bec-af27-d0f1e33026e1,4.0,8.44,72.5,0
3b3fdffb-6af2-46f9-88b1-6e99ab653022,6.0,7.46,63.9,1
c7a8bfb1-88e2-49cf-ad80-6794c2eea035,1.0,6.01,88.4,0
96d09d25-1c92-457e-9c46-159b94f29993,2.0,6.23,56.6,1
88219d4a-a97b-4b75-9e38-4c94f25cd48b,6.0,6.73,95.7,0
4c6a4e54-667f-484b-a22d-b627e1343b1c,2.0,7.66,85.0,0
891cecd9-d673-4fe3-a79d-cafcf3664cb1,6.0,7.29,82.5,0
b3239f25-5c50-49dc-b7c0-fd98ab5456bf,6.0,7.3,82.6,0
f2953372-100a-4fc5-9f90-f6d0ea7baafb,2.0,8.47,52.5,1
2afc55a1-b797-47a7-8760-f16f2be416b2,2.0,8.36,70.0,0
08e26bb3-bc5f-4891-91a5-2d9256fe731a,4.0,7.19,98.0,0
7c75b225-ecc7-4ec6-9fb5-7cee1f85a4dd,1.0,7.5,70.9,0
b338f939-8a03-4bd6-8c8c-27ea38e89352,1.0,7.74,97.2,0
afe421ff-0f62-4795-a9f6-59b87902f084,4.0,7.43,72.5,0
0965f80f-e71d-4c0c-82cb-37541a8fa081,2.0,9.37,83.2,0
f350ea56-aef4-46f6-94ab-ce5a6df2bcaa,1.0,9.56,67.3,1
f4b491b5-7367-42de-957d-29c4f7698afc,4.0,6.56,86.0,0
41e1c0f7-00cd-434f-b6b7-c3dfda299dec,1.0,8.06,56.3,1
ffc9265c-ba26-4313-a79d-14992924e0dc,4.0,8.3,91.0,0
b987ea7d-3d78-4edc-b927-48e1f021182d,1.0,7.57,84.8,0
cc90fb96-7463-4d10-bc28-6b09b8723b95,6.0,7.92,74.6,0
5ce13428-091e-40df-9206-b680c38f7a6f,2.0,8.19,76.0,0
36910642-f09b-4218-b99b-4979269fed62,2.0,8.3,93.0,0
785d959e-1fcb-4e0b-80ac-961a576e2de7,4.0,4.8,75.1,1
c1aa5d90-bb65-4ca3-9dce-d9b2f185bb1a,6.0,8.87,87.4,0
b8bab9af-cec0-4a8b-85fc-d98b5443a947,6.0,6.58,82.3,0
6585b4ba-0efa-4103-b2fa-7f62774055bc,4.0,9.38,79.1,0
ad04154a-c106-4cf2-a684-45f47fe77998,1.0,6.95,83.4,0
7e1c7acb-1e20-44c4-ab78-3b91209ab38c,4.0,5.6,88.5,1
5c907dfe-123e-4053-824b-ed3ad306b3aa,4.0,8.48,65.7,1
cf19dc5f-51b9-42eb-af79-69c2aa5ee4aa,6.0,9.05,98.0,0
286568cd-4515-4b98-992b-00e46c8c836c,6.0,6.96,53.4,1
74a9e869-de7e-4294-a9db-43bf84ddaf50,4.0,6.05,67.6,1
9e293433-408a-418e-8ff2-806f73d0e249,1.0,6.16,71.7,0
0d2ffbc3-8e68-4da1-9dc2-c2fbcdc30044,4.0,6.78,74.0,0
eb76e531-fa90-469e-807c-bc232e0a73a0,2.0,7.08,83.1,0
4e4c8b4b-d8d8-4340-a928-ed77716572f8,6.0,5.83,91.5,0
09ab8c69-e158-497e-b0f1-18edb7e33844,4.0,7.12,89.3,0
4631783f-6689-4100-8df2-5ebc7dea0217,4.0,9.12,73.1,0
f019617f-cd5c-4e91-bca2-900a999cc88d,4.0,8.56,60.5,1
4981a16c-f0a6-4d1f-af86-19b8271119fb,6.0,8.07,69.9,0
428ad8d8-9eb4-4e7a-9169-46af2d2a89a1,2.0,5.8,89.5,0
1f2799e2-b7a3-43e0-96af-278ded92706b,1.0,8.73,63.9,1
7b8cc207-4ff5-463d-8845-5150e15188ed,2.0,7.76,86.4,0
28b93a89-7cb4-403e-a8ce-0d9bbd87f691,2.0,6.6,86.8,0
b9fcac30-d6a3-4ac4-95a0-b316aff02fca,4.0,5.18,71.1,1
6f2b827b-863f-491b-9acc-19c18d37bd84,2.0,7.62,69.4,0
6199ebe3-3b36-44b0-9c6c-c47dfc918741,1.0,7.37,70.0,0
060c54fb-3acf-4454-819a-df7b0a864180,4.0,8.37,77.3,0
221669e9-e71e-4825-af5b-d1b515e49a44,4.0,8.56,66.9,1
597ff28d-ef88-446d-b634-40115022cddb,4.0,6.72,93.2,0
8108ad82-fc9d-4eaf-a493-ad6aa34730ef,1.0,6.74,82.1,0
3d9eab84-39bd-4398-924e-d4bde31ceafa,4.0,7.68,82.9,0
4190d31a-0ed0-4f22-8498-cf43b734c782,2.0,7.03,75.4,0
43a6e46f-f294-4f23-89b9-dd31fb580802,4.0,9.14,81.4,0
ed2feb61-97ae-4b20-b7be-e01ed50f1ba8,4.0,6.28,71.9,0
eceb6c9e-a83a-48ef-b4bd-54249990d7ad,2.0,6.81,81.9,0
47f0954e-0841-4647-a4b4-a4d0147ce704,6.0,6.87,66.7,1
9c79d479-580b-46c7-83d4-663448d73a61,4.0,6.09,85.9,0
7cdbec41-40fc-45b1-baa0-866168310536,6.0,6.62,82.3,0
d00062e1-e7e7-46ba-b3a5-f49d715c3572,4.0,7.78,82.5,0
695b2bea-7c3e-49c5-8fb2-aa5b5c80247b,6.0,7.62,83.2,0
7e56aac0-31c2-4f6d-98f5-df7a51a7ad31,4.0,6.83,86.5,0
b40e55ae-7bb5-450d-aaa5-155e291d0046,6.0,7.28,89.4,0
c2343790-a522-4aa3-bd65-e16ef8cc7f5f,4.0,4.96,98.0,1
be5c5254-c344-47af-9476-90e52b9968ac,2.0,8.05,76.0,0
823d85ef-1672-4f4f-8b06-059d1129579a,4.0,7.15,81.3,0
96958bf5-8838-42cd-9d27-5ff54cef8c52,6.0,6.69,83.5,0
717519f0-ce96-410a-823f-161441386981,4.0,7.69,82.5,0
afcf1d14-9c64-4672-9bee-623065cbb370,6.0,8.01,84.2,0
c84b27f5-2627-47bc-ad67-c0b07b6ee16d,4.0,7.4,81.6,0
81af15f3-e8b5-4ec3-94e1-6e1245259a89,2.0,6.8,89.6,0
3e46d505-2fd9-47ff-b13c-80a943f9d246,6.0,7.63,65.6,1
04444cb8-6261-4f67-b3ef-a349e7e1ef86,1.0,8.07,94.0,0
7b7d7936-b75a-4cbe-9593-943778684fb4,4.0,7.53,81.0,0
165ecc8a-4ba5-4e3e-b055-05016d7328f0,2.0,8.21,80.9,0
5a1ff57d-2c6f-414a-b722-c75ae5809c57,2.0,4.75,69.2,1
9ae3f69a-3ffc-4e8f-bee1-79a1633f7fbf,6.0,8.1,83.2,0
c5149802-6951-4f24-b992-76cf15931c2c,1.0,7.35,59.7,1
4f761a64-3631-4af4-a20d-f87e0df2b162,2.0,6.59,67.1,1
44a7dc56-b8e6-4972-8bf9-499074aa5ab6,2.0,6.2,69.6,0
deb6a728-497e-4877-a2b7-ded660d752c7,6.0,6.89,47.5,1
3b50e299-3d7d-4930-b4cf-92592a695386,6.0,7.79,52.4,1
f66bf926-f023-47e5-be8f-6af1b1b20a83,2.0,7.92,85.7,0
95438846-c71f-45a5-9cb4-bb54a1942ca0,2.0,7.6,72.0,0
7b77acd6-1d98-4ea0-bab4-057c8cf1d6c2,6.0,8.35,73.8,0
7009dd67-2d82-4309-871c-9ee5d5471bba,6.0,6.27,66.9,1
eb7d525d-e602-43a2-a132-5005c5eee06f,6.0,5.49,45.0,1
47bb0d63-3ea6-44f6-bd2f-27e62f89df7e,2.0,8.76,85.6,0
8814767c-b94f-4d1a-9e55-0c22a2e226e6,4.0,6.61,79.4,0
46f45d39-8968-42e4-97e4-490dbdf2178d,1.0,6.19,98.0,0
3e642d9f-9c9a-4dff-863d-35145e3720cd,6.0,7.49,71.9,0
0ac4a5d8-ced1-42e6-889b-61b7901fda17,4.0,7.51,57.0,1
2e8d9e93-4c1c-45ba-a0ba-1c4c3a9c8419,2.0,7.16,79.2,0
ea142c35-3cec-4625-b65a-5b6aa4a7a9cb,6.0,5.54,95.2,1
c2572c78-b004-4558-ad44-e3da0b944e15,6.0,9.01,85.1,0
c40becf1-91bf-4a2a-b34c-3d8bc29c80bb,2.0,5.79,79.9,1
3c239fd4-5183-449c-afb8-e91214941486,2.0,6.8,88.0,0
e48e6ce2-dd6c-4fe7-91a5-eba6b6bd31f7,6.0,5.67,62.4,1
36f2379d-78de-4d65-877a-2b58d3bd9f74,4.0,6.04,85.6,0
34fc5131-35f5-473f-8560-d0b7f26793cc,4.0,6.72,94.5,0
00945885-749b-4ef7-9f59-3864e5dfa358,6.0,4.66,69.1,1
b14da601-b100-4c3b-abb3-88ca6578c883,1.0,7.34,58.1,1
4e16dbc8-f308-4494-b3db-04cd805caecd,4.0,6.69,74.0,0
b27d73b4-51cd-4351-a905-5c77030c7cf4,4.0,8.24,68.3,0
399c79d2-27a8-4ef3-b025-98cb1f0d5f46,4.0,7.23,45.7,1
464c0683-e527-4474-809b-89efae9a1ac7,1.0,8.36,71.0,0
a7742edd-c54b-4c83-9d2c-014bae4b5961,6.0,6.1,76.9,0
66706043-191b-4978-bcee-88fc3847c5eb,6.0,7.88,89.5,0
73c2061a-8b3f-4250-8ac4-74a9926b0a9d,4.0,5.72,82.1,1
8f5f1032-de5a-43bc-bbaf-18177148dcc6,1.0,7.28,80.7,0
b40fb687-23f0-48d4-97e7-06ee10eaa637,6.0,8.98,87.8,0
4906d0a6-e3be-4f4a-bc15-9c4e3a9339ad,1.0,7.06,77.5,0
d371b3f7-6b2e-4135-8234-c95a5246b3af,2.0,7.02,50.7,1
320b47e0-c0ed-4b0f-8b1d-50e04b2b3b81,1.0,7.28,78.2,0
e22f9f0e-4a52-4dd7-b142-be65475509ef,6.0,7.45,92.3,0
413fc4d7-cb20-4167-aa55-74d4ab124cfc,2.0,7.15,82.6,0
ba5c565c-bd05-4d4e-8325-79d981037204,4.0,9.35,74.7,0
f515821c-7b16-42ca-8c2a-47be2667ee9a,6.0,7.23,84.2,0
2789c6bd-2239-4dc8-8346-86bb12f58d2a,6.0,5.58,80.2,1
1c02eec3-48fc-4602-9e21-1d3e6895c60b,1.0,5.72,76.6,1
9062f31a-8b7f-4fce-a08d-3f2f633e62d8,1.0,6.47,83.6,0
a6379045-c9ee-45e0-91f8-f2b700f4aacf,2.0,7.46,73.1,0
8350f65c-cf75-4886-90aa-208f7020ec0c,2.0,8.61,72.6,0
64323ebd-3996-4f6b-ae80-163979a72f55,1.0,7.77,76.9,0
a6618650-e98f-4389-8f8c-6c32d4b35c31,2.0,8.17,56.6,1
96e42048-e57f-407a-a80c-908c5bf91c3a,1.0,7.63,83.6,0
cb4109b1-62f0-4b8b-b1cb-053f576e0a2c,2.0,7.61,87.6,0
7b30c50a-f7a5-496e-93e1-26c2d0e00a52,1.0,7.97,74.9,0
8d60926e-7f4c-4388-ab1f-e336df9a4a4e,4.0,7.19,66.5,1
11b69139-615c-4228-b873-35e1a1129de8,6.0,9.03,89.8,0
21770923-921f-4a6f-a11d-9b03584af01a,4.0,7.06,91.7,0
a878b80e-c659-4726-9ee6-c5bf26b25e52,6.0,7.7,88.3,0
4a44fcea-41d8-4a10-8a7f-22bdbb0a270b,2.0,6.57,72.0,0
68cea994-64a6-4b86-b344-0632669b7994,6.0,6.73,81.6,0
5eb719b3-9ae8-48fe-8966-3b5a861f8eb3,6.0,9.39,75.5,0
03a9254e-3a48-48c4-b44f-cf60dcb6363b,1.0,7.5,86.3,0
0fb805bc-da1b-4f41-8989-d39e796d60f9,1.0,6.96,78.8,0
8161add5-3adf-454d-979e-cf2f59e9ddf4,4.0,6.18,77.9,0
986815b7-51bb-448e-b0cc-c10620077b92,1.0,7.46,86.7,0
37549ef0-33d1-476d-9275-538d97f020dd,2.0,6.55,76.3,0
7e1364fd-7dde-441d-8ba7-0947e5232737,2.0,5.3,71.6,1
9d3378c3-d3dc-418c-bff0-e2831854879f,1.0,7.14,75.4,0
e73c1897-995d-4477-ba2b-fa5225940244,1.0,8.01,94.2,0
f56e1cba-b38d-4c6a-a91e-e0776085cdd4,6.0,5.97,71.0,0
8d92fb12-f747-4901-85f2-9b3375801a5d,2.0,8.15,84.2,0
e3903719-736d-4fb0-a549-5897d75a939d,1.0,6.64,81.5,0
39a2e5ab-bbdb-4b2c-8fec-26a46d63c11e,2.0,9.19,78.2,0
5d7bebb8-d7a3-4abf-a617-78ede5033f7a,4.0,8.88,86.5,0
c6642238-0456-44fa-b2aa-8d390207d189,1.0,6.15,69.7,0
53826ec6-a689-46d9-b820-5e4e0359a8ca,2.0,8.44,86.7,0
cadf39c2-ac07-4319-8d15-5a772c56fd46,6.0,5.77,76.3,1
b1697047-3d6a-4958-a273-753616c890dc,6.0,8.62,70.7,0
4742cea8-82bc-451a-8d7a-1617a60442f7,2.0,7.32,81.4,0
335af58e-3979-4d2a-b954-d8efa06b142c,6.0,6.85,70.9,0
4b9a07e7-79b2-4971-9703-c3d2a3679d40,2.0,7.25,86.9,0
51149241-b68b-4cb2-82a6-759e074803ea,4.0,7.27,95.5,0
8dbcc77d-3cd7-44c5-a33f-06c8eef3e820,4.0,8.45,62.8,1
e4915405-4783-4351-a245-ef87e9424594,6.0,8.67,82.5,0
5a454b5e-09ef-41e5-99ab-a798fed98b9b,1.0,7.28,92.0,0
50eb809a-0c1a-4f40-a68f-e6d652d82df5,6.0,8.89,70.8,0
4386fcdb-3519-4874-9281-8aac1945fbd1,1.0,7.69,60.4,1
7bf0be70-6df2-479d-b470-bb3581a74893,1.0,6.25,92.7,0
929aacb4-8848-41d5-826b-198fd38c282c,6.0,7.24,73.1,0
5760b456-3ca1-4a60-8276-caf174ac145c,2.0,6.91,94.0,0
545a7be8-63a6-49f9-82ba-15c729e970ef,2.0,7.65,82.2,0
9f4f4382-b43c-43f7-afd6-7f42cc95e525,6.0,4.65,79.8,1
5c99da36-6987-4c0f-91ea-c1c3447edd36,1.0,7.28,73.5,0
3f481443-2b77-478b-ba13-0edd65a0ef94,6.0,6.92,71.1,0
c55164d5-fe26-43d4-8621-eac81ae95fc2,1.0,5.81,88.6,0
9a194e6c-e199-4b1d-b6bc-4c7f14f60129,2.0,6.89,86.6,0
80febf64-2e57-463f-996b-9e3a109abe5b,2.0,6.95,73.0,0
9c91ebe5-f3dd-4506-a5ec-ff759eb6822a,1.0,7.34,72.5,0
f6b78c99-0303-4774-8547-d43ef73ac4bb,1.0,5.18,74.1,1
9892295e-580a-46c4-a44c-cd835411bf76,1.0,9.66,70.3,0
dbbe3465-694d-4fc3-8214-7195c6034655,6.0,4.76,82.9,1
125db4c4-4e53-4c42-857b-9e2f5ea35ae2,4.0,7.62,75.1,0
ba709e3b-7a4f-49ed-a2b3-8f573f4f06e8,2.0,8.68,49.6,1
47e15ebf-3fe3-4f47-a31e-070a0ffd9c90,4.0,7.09,83.3,0
92c83e9c-7805-4331-b1dc-5ae8d93f90c1,6.0,7.83,63.5,1
9f545a85-3bc1-482c-a992-727ba0d9e010,2.0,5.52,88.5,1
d0b60c6f-7009-4b51-912f-efa832392c26,6.0,5.83,68.6,0
2e2b1ef9-16ac-4184-aa15-e1150f6ac482,6.0,10.0,76.0,0
af9854a3-9ec9-44ff-83f1-834da464c382,2.0,7.95,80.3,0
37d57dad-e268-4057-8a72-d0f484cfb87d,2.0,7.63,86.6,0
f520acfc-42f8-4810-9793-1442a4009adf,6.0,8.19,82.0,0
de59e297-4917-4419-9ea9-993422cefcf2,4.0,9.0,88.9,0
462f96fa-ebb2-43c1-a1a7-90d65999932b,4.0,7.75,93.2,0
61ce7a25-8966-4297-b408-3fb30cbc9394,2.0,8.68,90.6,0
ed3cb4c4-51b8-4080-80b2-41dbfca48bad,2.0,5.71,66.7,1
15035786-a854-4712-ba07-482404db9f3f,2.0,8.66,79.6,0
f19a3f7c-62da-4bb6-9006-cd08dc661cd9,6.0,7.09,80.1,0
6dd58b53-2cc0-4281-acca-3b74475ef268,1.0,6.9,78.6,0
1b298305-c00d-48fe-a978-77e6d1094380,6.0,9.18,80.1,0
5c01ce5e-5490-466c-8049-69144542083b,2.0,6.09,66.2,1
0878c386-776f-4526-a2ad-676bcf927e67,4.0,7.52,74.1,0
19d1eb1c-0a4d-4c18-8ebe-285b2645cf18,6.0,6.4,86.8,0
f7a70478-994f-4ebb-9078-73b5e632c2e8,4.0,8.28,77.5,0
5044810a-2a6e-4956-8c77-4f38cb201e6d,2.0,6.62,89.0,0
de8b3d49-9000-4783-844d-7ec5a8748326,2.0,8.29,53.3,1
78cd1b79-c9e7-4568-aa23-5d2ed5bbccd1,4.0,7.1,95.3,0
94bc0fca-5f06-450c-b0e9-dd58fca94c97,4.0,6.16,80.4,0
fc3b8e2d-585f-4339-8e49-7058af1b1d72,1.0,5.86,70.9,0
bb8e640c-1366-4e43-90ab-77bf5c234dd3,2.0,5.06,68.9,1
733ccf43-f0e7-4ca1-83bd-68726181d40b,2.0,6.7,80.3,0
7b6a435e-5b61-4f0f-905d-dbe4d65d6a6e,4.0,7.43,81.7,0
b409980d-b848-4e6b-bbdc-27f8ca6f737f,2.0,8.18,88.1,0
3a973ea2-3aae-42ab-a6f4-08b003ad2ee4,2.0,9.17,98.0,0
7ca17941-3c21-4b0a-9b19-d2aaeff6064f,1.0,7.09,83.1,0
75f6feda-a267-4ed1-82db-b6720c8b1a9a,2.0,7.74,80.5,0
681ceb05-05e2-4070-9704-4ccebd48bd69,6.0,6.13,75.6,0
1a1914dc-b273-44ac-93b0-c80a66e61e2a,1.0,8.81,95.8,0
9e56ef89-0c52-4e04-beff-14496aa1f6fa,4.0,7.22,66.7,1
778578b6-1155-4bec-a488-eeb9e81ce5f1,4.0,8.23,65.7,1
2eea3025-aa4d-42d4-a953-41265cdda874,6.0,5.16,91.6,1
80bee9cf-5d06-43f6-a324-125c4ca2ad10,1.0,9.57,83.9,0
bb43d93c-a820-4dfe-a1aa-361f41b20946,2.0,9.59,72.8,0
12ffdd35-1983-4516-84ba-e5c05354fd16,6.0,8.11,84.5,0
96f05d64-345a-4f30-ac9a-a5d401c71c6f,6.0,6.04,91.3,0
6341c91d-9a0a-4d79-a295-60e839398818,4.0,8.47,81.9,0
93e5f693-9a5d-499a-b901-3598de01014b,4.0,7.55,63.7,1
accd7619-ac08-4835-8426-136eb7053b09,4.0,6.25,77.3,0
2ff85deb-17c4-4678-bbba-bef09bfbd6fd,4.0,7.83,65.0,1
de6ca32c-428f-45ad-976a-a3f61ebc016d,2.0,7.16,72.9,0
1214d0da-f248-4f36-b6ee-77900a8b47d6,4.0,7.01,69.8,0
e704dbba-bc2a-41be-aacc-e8ce808b7b26,1.0,7.42,75.3,0
c11e2f54-f779-459c-9e59-4963c963e881,6.0,7.35,80.0,0
3b63819d-439e-4ae7-9d6c-69c928793169,2.0,8.45,75.3,0
74975483-214e-4eda-ab97-a64efb13fd3a,2.0,8.35,94.7,0
4e96ea77-5242-4382-898d-9f1cfb44a5e6,4.0,4.6,88.7,1
e84d89a3-3147-4bc9-9ab7-131ead64d534,4.0,6.26,78.8,0
12b0d6ad-02f8-4ffa-9bff-8ef330ba9b8b,1.0,7.59,89.6,0
a8881a5f-4bb2-45f9-b358-c6b2898e665a,6.0,8.8,78.4,0
0588db62-528e-44a0-a7db-027039547cc9,6.0,7.26,55.3,1
883d1cc7-ac81-4116-9ab8-274d4318b8b6,1.0,7.25,69.7,0
448f32c5-7a26-41b8-958c-65ccbe83f8a4,4.0,7.46,73.3,0
41a4e6a1-4087-465f-8dc4-eca61769e22f,6.0,7.12,78.5,0
0fa32671-9012-4e5f-9e0a-080e0f7b5beb,1.0,7.61,71.4,0
6177cef9-10f8-4313-b0e2-689a49a1a8d4,6.0,9.87,77.2,0
2703ba50-5baf-43b7-bac0-c2d67bb4cda5,2.0,7.94,74.1,0
75918ca2-6a21-408d-ac63-e5de188154ce,1.0,5.07,81.8,1
a4c5b46d-c9f2-414f-a0b2-91c1ad2383d5,6.0,7.76,79.1,0
0dab6e6f-c53b-4063-8afc-0ed98aad91fd,6.0,4.5,93.4,1
42275199-7471-4736-94e5-41bc47f40405,2.0,7.95,82.9,0
9fcd698f-e508-416e-90f0-bf4997ef7573,6.0,6.87,64.7,1
f7518e2b-9882-4471-a67e-228189eed01a,2.0,5.21,78.9,1
95037317-458a-455f-9702-95f7c1a5ea36,4.0,7.31,81.8,0
8fe19e1d-f84c-4a39-8922-3fcfae1a4a33,1.0,6.41,83.0,0
ff437719-5046-453d-843e-628f739b47c5,4.0,6.62,82.8,0
17f46db7-ec9b-4fd8-a527-b0f0bdaabbac,4.0,6.66,75.0,0
4e8acbac-a6f4-4059-a671-eead236c95da,6.0,6.27,77.0,0
2558e420-74ca-4615-adc0-653af7be501b,6.0,5.85,62.6,1
661cd282-beae-4ca4-98fd-00aed4f56835,1.0,4.5,81.6,1
1c526e5f-5625-47d5-980a-18537732ee20,4.0,7.18,76.0,0
d83fa806-d07f-470a-8edb-d07e29008a53,6.0,8.4,71.9,0
95225e7e-5ef7-420f-a5f1-41349acc160e,6.0,5.17,75.7,1
7bb988a3-2d40-478d-a082-050dae71947f,4.0,8.17,75.5,0
c1942ffb-178b-43e8-b25c-2261a2fafb15,2.0,7.22,73.4,0
9d306591-85b0-413f-b465-9dec20a52ce0,2.0,7.51,76.5,0
1f1d2a35-1920-4d99-8b6a-c2d552ce37cb,2.0,6.42,75.4,0
95b069e9-bb66-4498-afec-710b5cf149e8,6.0,9.26,71.3,0
e7331a31-ce9f-40b2-a318-d4d4757c59ed,6.0,7.33,82.9,0
4a9c827e-4f21-405b-96d1-2fa16cf3c9e2,2.0,6.28,78.1,0
312f8616-7c11-4091-a381-a18e9111c559,4.0,8.2,78.6,0
b5d6968a-5873-453e-a6a2-534d7cbaea93,1.0,7.68,69.2,0
3a44ec3c-dd33-41e6-b043-bb7ec9c58683,1.0,6.59,86.6,0
12ecd442-52e2-432e-b9c5-436aa62ab373,6.0,8.19,77.3,0
8e48936a-48b0-4cd4-aca7-8a60f3d82a38,6.0,8.86,79.7,0
f6330253-6ea8-4ef7-a826-76a4e5f290e6,2.0,7.37,67.7,1
94839a0a-17c3-4e71-9c30-c5fc1d0c1b12,4.0,5.47,62.3,1
b78b6641-2d3b-4d61-a25e-5b70360aabc5,1.0,7.32,70.1,0
48fb2dfb-66c8-4082-b603-925c2121bb34,6.0,8.82,78.9,0
9b750ad9-9ae5-4f3f-bdd3-a60f23ba1f83,4.0,7.31,91.5,0
78909ea2-6855-49d0-bab9-321bda3984dd,2.0,7.67,80.7,0
4589164c-d275-47b0-8c9e-f9fdb74594c8,2.0,6.12,77.2,0
1df0ef92-2c69-4e66-87da-62e8185dac87,6.0,7.55,81.9,0
e52949df-5928-4aaf-8e10-4ef6cdcb6d23,1.0,6.23,92.1,0
c9f54af6-5ba7-49a6-b967-db9c30bcc087,4.0,7.91,73.4,0
b202b3df-ac05-4fce-b02b-68c6b6b9ec4d,6.0,7.43,91.4,0
e6e9a470-fad6-41c1-ad29-6ece296a80bb,2.0,7.68,82.2,0
16383687-f45e-434a-afaf-d6a562f498be,1.0,6.52,94.4,0
117e01b1-419c-4978-8e31-27aeed6b520a,1.0,8.17,83.1,0
3b3054d6-369d-41fe-b36c-3954a9b0cdfd,6.0,6.75,97.4,0
14782e0a-46cc-42a7-9b74-f972af5f186f,4.0,4.91,80.0,1
e709cd63-0940-4942-9a2e-6279b5673342,1.0,8.6,85.8,0
6b907d9a-8065-474a-8bad-7551122e8c1a,6.0,7.07,89.9,0
39bf36b7-b053-42c2-939f-c419bb61b575,2.0,6.02,72.7,0
37b6477b-72eb-4463-996c-9a0eed5f9613,2.0,6.42,90.0,0
894ef0d9-6824-4d59-a097-f3d413892740,1.0,8.12,72.0,0
e36650ad-b473-4508-88d7-99356c7cd0f5,6.0,7.37,63.5,1
6ab4f569-a668-4546-98c7-272c06409571,1.0,6.68,97.5,0
df61065c-0a4f-4fb1-9b92-e86c88aab30e,4.0,7.98,79.0,0
b4f3fc08-dfc7-407f-a48a-e9995cb85ade,1.0,8.7,60.3,1
8bc81522-a65f-436a-b15b-e30e34ba369d,1.0,8.72,75.7,0
8c0dd4b2-e2fa-4dac-9c61-f71cb9fca72a,6.0,9.26,91.3,0
6833a84b-cae2-4f55-aeee-c22d71848337,4.0,7.07,65.4,1
0a18551c-62eb-4cd9-a3d9-6f7eb2cf2b1c,1.0,8.38,79.7,0
261a1c6d-ca73-48e8-ad71-ff4321c7569a,1.0,8.08,85.2,0
8326ecc9-b00b-483b-b032-ed78852796c1,4.0,6.7,72.3,0
466ca839-b689-4476-9d1f-ccbc87bdbbd6,1.0,8.71,74.0,0
150cf0cf-578b-426a-98da-b9c6202ffe78,4.0,8.6,57.9,1
1b72a24f-b08f-49a4-a035-c9407cfe0e5f,6.0,7.59,64.6,1
328336ab-7588-45a7-8ac0-422d2245d8b7,6.0,9.47,75.5,0
4614f111-3026-4243-876e-3ce750ab5594,2.0,6.87,60.5,1
778b9820-9219-45b9-a52c-b41646381bb9,6.0,7.46,98.0,0
0c5aa003-a3ff-4fda-9e60-5fa595d77120,4.0,8.56,93.5,0
42d9c168-fd14-43c0-b16a-ee1a15541af1,6.0,5.47,85.2,1
713e38c0-a659-45c2-b1c0-a721df3d791f,6.0,10.0,74.2,0
b0d6e898-db9a-4a7d-8e83-e1411e202459,2.0,8.37,78.9,0
09430dca-fd8c-41d9-a410-b11374f07e3e,1.0,6.59,56.7,1
2f25aea6-f628-454d-94da-c033a75d09f7,2.0,7.72,91.3,0
3a493c90-6eab-4969-8522-1072ea4620ca,1.0,7.98,78.1,0
aa83ea2c-6542-46be-8585-263bd02f139a,2.0,7.29,78.0,0
e04fdc39-93a8-42ed-8364-226fa8743f77,1.0,6.5,77.5,0
7d968e88-bbbc-42ce-88ea-a4568137d982,6.0,8.46,84.8,0
73e3e45f-f043-4023-8fd5-48b1b21973ff,1.0,8.5,68.0,0
c644ae21-03f9-47ac-888a-e9adcc3bd5ba,4.0,6.02,78.0,0
da621c33-de01-4eb0-8abf-eec98a946ebc,1.0,8.09,79.8,0
b69a176f-47a1-4ef4-9c21-1a8675f39902,2.0,8.07,80.1,0
6e21abd3-580d-4f8d-8855-8df61c01bb7f,1.0,9.83,85.5,0
d3fb4855-a101-4c14-a94d-ecd97e3191b6,6.0,8.26,70.2,0
f2323f7e-f5df-4968-9088-7aee14f4eb31,4.0,7.51,65.5,1
c604cd80-92e9-4f72-96ee-5f18f2411e2e,1.0,7.21,81.4,0
16a33464-ab52-4756-9a86-449f75b11a5f,6.0,7.99,92.8,0
57ed2e05-c77a-4f69-8cf7-78c8758232f0,4.0,8.5,60.1,1
a77cf863-61c0-4dc2-a0c0-8bc118253a33,1.0,7.51,80.7,0
30eee6e9-a212-4cd0-b537-21290b8b9e3a,4.0,8.24,95.7,0
dde68789-89a6-4de6-94f8-e8eb1a3f599e,6.0,7.24,83.3,0
18564a06-d03c-41ff-b809-34e413e95595,4.0,7.42,63.9,1
d83832f5-1734-4f7e-a563-3d72a275e1f9,6.0,7.03,98.0,0
81996176-e873-4bfd-ab3f-0c75096cbfff,1.0,8.87,86.4,0
9fe1bad4-ae63-4419-88ba-01dd166646c6,1.0,9.52,83.7,0
1ea716bb-9a0b-4bfb-8309-27f15f00dd30,2.0,8.03,69.4,0
1bdf28f3-3c50-45b0-a013-366712b36e1d,6.0,7.02,89.0,0
a8d38e72-9780-41a5-bf96-540ee5e6085b,1.0,7.15,94.5,0
51f87301-2d3b-46c7-b992-2d2a536a77c7,1.0,7.57,78.5,0
f79c9f07-a125-4b05-9813-9ece9d090497,6.0,4.94,72.9,1
c71ed509-d656-4e2f-8147-6f70e32ad06d,6.0,4.66,84.5,1
82853abe-eccc-4f08-a4bd-7545c118be57,2.0,7.7,71.2,0
f3304073-90ab-4af6-8d9c-7896102e6a70,4.0,10.0,79.9,0
fc73a073-b124-4bd5-bb86-7d25357071ed,4.0,7.98,80.8,0
66189ab4-7e6f-4424-9998-c750776e2aa0,4.0,7.55,76.6,0
bd787236-a7df-4f27-b9a5-5f483f9b46ce,2.0,4.5,93.3,1
17c3882a-6bfc-4535-beea-5c57a93bf0c5,2.0,8.69,71.8,0
1833c95e-89ca-488c-83f6-db55b15be6c9,1.0,9.98,72.1,0
510d08a6-65bc-4888-9ecd-7e637777e85d,6.0,5.99,70.0,0
fb5465af-b2ce-4889-bf1a-bb209b543f4e,4.0,9.35,71.9,0
19db61bb-5108-40fe-8cba-ad1acee0730e,1.0,6.5,98.0,0
916ea757-e807-45e5-a720-8767c5ee1cf5,6.0,6.72,65.9,1
cfb9f426-6c61-4aa5-85f6-271515a6c269,1.0,5.81,91.6,0
c0e077b4-548f-4c33-9a4e-b3722e77fefc,4.0,7.55,79.6,0
af537692-9020-4300-8c7a-5f3ebb8fd0ca,2.0,6.55,88.4,0
a5ac9296-e848-4351-bd7b-9dee39cea3ad,1.0,5.66,77.2,1
792afdf7-08ec-48f4-8bac-670a5347ed4c,2.0,8.82,76.0,0
5a6d4646-27a2-44b4-859c-b9fe24289a00,4.0,9.1,76.2,0
15bb0eaf-5b47-4e1f-90fe-a437c541116b,2.0,6.47,70.9,0
11a69a4f-88ea-4b47-a2a8-05e46b64f4d8,4.0,6.59,80.1,0
8a098256-3eff-4121-8bb8-b0e8705539b4,6.0,6.44,89.4,0
ef3f1624-7ab1-4a9b-939f-e677ebb360d0,4.0,7.64,84.9,0
3fcad028-d89e-42be-a18b-a94532a70a96,4.0,8.85,58.3,1
d1d451aa-21ca-4233-afd4-555637b49547,2.0,8.04,63.4,1
7db247af-6823-4298-b517-093dd0abbcb3,1.0,7.04,69.5,0
3d8801ff-0630-430e-a453-05824da0b9c0,2.0,7.43,94.0,0
70b10dd7-ddc3-4fdc-b7bd-dce70749210d,1.0,7.41,62.7,1
ebc71a0e-0ba4-4dee-9661-db64e672c294,1.0,7.26,89.6,0
28e36f0d-8920-44ce-9075-986fdbfe09bb,1.0,8.6,69.3,0
2a582e8f-eea9-4bfb-b2ae-152de1199ccb,4.0,6.24,72.3,0
561a6a88-564d-4233-bffe-48347352024f,1.0,8.68,80.3,0
e9ef10b0-1171-4bea-8423-43c5b49dbe57,2.0,7.89,76.3,0
dbac6907-6549-4f27-a048-d3f0f9f33b03,2.0,8.0,92.4,0
a95ff413-cfac-443c-ad48-0a89ddd9fa7b,6.0,5.98,80.8,0
2bdabcc3-2e70-4201-b02c-45a7cd76215e,1.0,7.17,66.4,1
cdf960cc-20f0-4ed5-b302-3416ee54ce91,6.0,6.29,88.7,0
742ed6d3-a679-4e0e-bf16-5bc8d9f7a191,1.0,5.61,86.8,1
cf387281-581c-4a7e-8889-09483c9a887d,1.0,8.2,77.6,0
947996c3-564a-4dec-b498-80fca7c5fef2,6.0,8.25,93.0,0
119148b9-3bd8-4d16-a1ba-2498025e7e5d,2.0,7.67,87.3,0
b9a45883-a739-48f5-9db4-571916cf5e78,4.0,8.03,78.1,0
4fb801ec-678c-4f37-b075-d58e3d1e135e,2.0,5.68,85.6,1
c3a5bedc-3e08-43a4-a155-5c47bcb81f19,4.0,8.07,78.8,0
0708a157-b514-40a7-b530-0db007b81a2d,6.0,7.32,69.5,0
58eb9d6f-18ec-4cdc-9da3-0b4b778443b2,4.0,8.11,92.3,0
d8104ec1-8cad-4404-9997-2dcfe3a0d2d7,4.0,7.93,74.3,0
2432e57e-0407-462e-8663-cc56f1dfd154,6.0,7.88,78.4,0
9cfbfbf7-f5bb-495e-abc8-561307573cd6,1.0,5.94,90.9,0
1e467b4d-2a27-4953-84ca-3186375fc486,1.0,6.92,79.6,0
c0ea9146-1cce-4934-ab7f-bacaf6884e35,6.0,6.81,74.2,0
5b235b87-58a4-48b8-8604-736ba413acae,2.0,8.23,94.2,0
475036e4-6583-4e14-bf46-a1d0b9957a94,1.0,6.92,67.4,1
1e7696b9-23a1-4c71-aae4-74468d8ccaba,6.0,4.5,94.2,1
c6617192-683f-4679-9385-97a56662d2df,6.0,6.91,81.2,0
e614247c-70a3-4902-afa8-4576857d67f0,6.0,7.46,83.7,0
90f66b5f-7659-49c7-94ba-f10f0897b1ee,6.0,6.87,71.1,0
44cd8e9b-17bd-4a74-8b3f-cb8b844abb94,6.0,6.9,59.6,1
24b49df4-206a-4308-a1de-991983ec1d76,2.0,8.32,95.1,0
b6eabf04-0b2a-4be6-ab3e-4d19ebdc3e6e,1.0,6.13,89.1,0
5a7326ad-a983-4333-975e-8f5cf239f7f4,4.0,7.09,75.9,0
79df76d3-d99f-439a-b8c9-3a3223c01ce6,1.0,7.33,68.7,0
33dd859a-b85e-4af1-ba10-852847124770,6.0,7.66,96.2,0
b7692caf-3ce0-4324-b3e7-e71753eccecb,1.0,6.64,77.6,0
1c58a4bd-69ae-4d4b-9fd8-77454795b634,4.0,7.92,83.3,0
32c7f8d3-d121-4f2a-b7e2-8353d5d728da,4.0,5.95,85.4,0
d2a60c24-4820-4d1d-8293-7cb77ec3144a,1.0,6.43,87.1,0
0ca18441-8ae3-4301-909d-69294c3c8a8c,4.0,6.69,76.3,0
cb99d9de-7aec-49d6-8165-ecf0ed2125fd,4.0,7.23,71.4,0
a84061a3-3fc6-4725-acbc-25eb3254213a,1.0,10.0,67.8,1
b21d7846-e4d1-4d9d-826f-a7fcf42d578a,4.0,7.84,89.6,0
af7efda8-abad-4afa-87b8-dd2ebc032bc4,1.0,7.32,70.3,0
c0c6c9fc-b0c4-461b-8289-78b176bc5daa,1.0,8.04,76.4,0
a2a233ea-4f6f-402a-956b-6db7782b6ef6,6.0,6.63,77.7,0
0c1b69a6-351f-46b8-aac1-cb2bcbc389a9,2.0,7.2,60.2,1
ee5fc224-6c59-4ddb-b91a-411803a28036,1.0,7.36,77.3,0
b5344a53-010a-4422-a779-e861dc881b3f,1.0,7.96,87.9,0
8288120b-c4d4-47c7-8b90-e41f7f56c0eb,4.0,8.01,96.0,0
9d92ae85-11e0-4446-99b3-0a8c090d5d1c,6.0,7.09,88.8,0
bd9a9373-eb55-4e9d-9c95-016a0b2be880,6.0,7.1,98.0,0
1f5620e1-bac2-4190-89cc-1945a52c4948,1.0,7.47,63.5,1
365a4687-3e1d-4d9b-879b-89931ae7ceda,1.0,4.89,59.3,1
75500e58-34d0-4a57-a948-5e06d86a38c1,6.0,8.06,72.0,0
ebd8fd99-8fea-4d48-a553-40d2796af2a4,4.0,9.11,78.8,0
7efefd76-9db9-47d8-993c-a364b768b43d,4.0,6.45,71.6,0
90383e7d-7839-458c-8058-db94e51aa7a7,1.0,7.18,85.5,0
5d73d650-ba2e-4f23-811d-9030da56caeb,4.0,9.78,61.9,1
d6010385-51c4-4a9e-a1d4-8cbcbb4dcdc2,4.0,8.36,74.3,0
42b5019d-ede1-43f8-ab39-8768fa454a81,1.0,8.95,87.6,0
741b6fb2-4fdb-4515-a545-ac9e79d07794,1.0,6.21,62.6,1
abde5451-01e8-46a3-83ab-265114261db1,2.0,8.12,85.3,0
f2a95b3d-ac82-43f8-bfb8-5e676d9dadb4,2.0,8.22,54.0,1
52dfa3aa-20c2-418e-adc3-dd23a70087c8,1.0,7.99,85.7,0
92f4fbc8-50ff-4ce0-8ccc-49b152ba9ce7,1.0,6.83,72.9,0
e800936c-b35a-4ac2-ab49-184cc4c1a6c9,6.0,9.24,69.7,0
edc01d5e-1387-4af9-bfd8-f6ecadee47d8,1.0,6.46,92.6,0
1b52325d-f9a2-4cab-bb5f-6e02021d7949,1.0,8.27,84.1,0
07e7ded9-5cbb-4a52-b079-a716069ac87d,4.0,7.8,96.4,0
49857ed5-6a7b-494c-842c-3a680967b69a,4.0,7.88,76.3,0
e53f543e-152f-4b55-adb6-cb5a85d4e3d8,1.0,9.05,75.6,0
c91ca2dc-0c8c-4c55-90f7-c2f9e16c093f,1.0,8.0,45.1,1
7e8354cd-c153-4e88-a9f8-db0ac6be958b,4.0,8.95,80.6,0
25a7956e-3c76-43af-ad92-c6a174d6b5d1,1.0,7.21,83.9,0
d51d66aa-0e64-4f01-a691-f1b7169d1be6,1.0,6.0,73.8,0
200c3d16-5001-45c6-9322-896b16a1dba6,6.0,8.08,92.0,0
59610b92-d90e-45f3-82af-36a2029b5490,4.0,8.19,82.9,0
88aa53a5-221f-42b9-89e9-1e957069cf92,6.0,7.4,81.9,0
0024cc2b-b9b9-465e-8a70-6fb0348afcb1,4.0,6.73,63.5,1
74fdba63-6dda-41bf-b3f5-b2c9a511ef58,4.0,6.59,73.7,0
2a1809dd-5e85-4323-9190-d203f33fb2a8,6.0,9.1,72.9,0
aeffd5c5-5f29-4091-be8a-ea2bb00b354d,4.0,6.79,81.6,0
d775fee5-06ef-48ea-afc4-817fbff83ccd,1.0,8.97,84.8,0
9fed4953-f4af-488f-adca-2e3051a756c9,6.0,7.53,73.0,0
353c83ab-7797-44a2-b291-ac914d1ff87b,2.0,5.84,73.7,0
1f58eb28-4a34-4c9c-ab2d-ace1494d1099,1.0,6.78,79.3,0
1aa0c5e8-1f1d-4280-ac46-ae40989b5c9b,6.0,8.89,70.8,0
448f9d7f-19cf-47a9-8fae-a872a8a0815b,2.0,7.2,90.0,0
c40edde9-dda4-49d1-aceb-f34caeedcca0,6.0,8.19,82.3,0
bf3bab5b-d911-45b1-accc-9068cc247a70,4.0,5.97,80.2,0
c73f1973-1fe2-4055-b2b0-0e0b615e9b86,2.0,7.47,96.5,0
d5ae9762-feae-4dda-b484-b12961a1c968,4.0,9.44,88.1,0
4154b673-3743-4021-a177-5bf305937e30,4.0,8.55,59.8,1
88bd303b-323b-4dcc-8d13-80b7b238e458,4.0,9.84,66.7,1
d694668f-77f4-468e-8e3a-426ca239c4c8,2.0,7.23,83.5,0
a9afb85a-ba06-4c1a-99d5-2da26a6a681d,4.0,5.15,91.4,1
fc64f279-7f37-4a0c-8666-63fea6ee3711,2.0,8.4,86.0,0
aa05300a-dfe1-4fe5-bd1c-75b153ccd355,6.0,7.53,81.4,0
8bc40b4b-faa5-4855-b20b-96d0bc6866f5,6.0,6.07,85.1,0
94278129-9587-49a6-a1c2-32d0da2d8903,4.0,7.84,81.8,0
79c66d62-85ec-464c-851c-fddacf105bd0,1.0,9.34,75.8,0
1e68384e-18a3-4186-9155-1704e8e46e39,4.0,7.41,97.3,0
72ffb51a-4f2c-4beb-89be-48644de71420,4.0,8.29,98.0,0
f5ff0a9c-ec9e-4df5-a568-063faa105a2e,6.0,7.01,75.3,0
ffabdd59-ccc8-4098-8bfb-06cad728e3f0,1.0,5.98,80.2,0
51fc8967-615e-45dd-ac13-838ef464278e,4.0,7.24,81.6,0
2c6f1d1d-78bc-4527-b6a5-006ea336e3c2,6.0,6.57,82.0,0
e3e54023-c0aa-49ca-9a5b-09a2edf79970,2.0,6.0,93.9,0
e4b232db-c745-4bc1-b4c7-e37c85f372fb,6.0,10.0,85.9,0
c338e056-2585-41f0-abb8-d65ecb53a70d,2.0,6.84,45.6,1
485c9553-463f-4962-82b1-f171ad8c70fb,2.0,5.59,84.1,1
c836a097-38a4-4060-af53-9c3b2eaa4bb2,2.0,7.19,73.0,0
5ae77cf9-84a0-4036-a4ce-e6c6bd930a81,6.0,8.41,94.3,0
6e45faaf-11a8-4055-b0b9-5e35beb79440,6.0,8.94,65.1,1
f40f5d2b-a245-42bf-aad5-0fc80d47cac5,4.0,6.95,93.7,0
2685b452-d129-4463-a739-3c362f4120c7,6.0,6.39,66.0,1
aeb81a28-905b-4064-a805-0a8384a9d1a0,2.0,7.21,81.9,0
f32c7625-4071-40d5-9354-ce93269e7e87,6.0,7.09,62.0,1
4f8ace03-2e04-4b18-8627-1ebba41de43f,4.0,7.24,66.9,1
aca7ceaa-6def-4e7c-be7a-2e5f8a48c140,2.0,8.11,79.4,0
ace83e17-34a2-4d4f-b078-852aba41c658,4.0,7.08,58.7,1
34e68226-d81d-40b3-bc05-41e178b298b1,4.0,7.52,69.9,0
b2fbba87-7a8e-47c4-b4ed-533c9e250d62,6.0,7.81,90.5,0
9f9059af-8f3b-43ba-b3b0-8972e2911d53,6.0,7.76,78.9,0
4e90571e-8d29-4026-98ac-70ef5babc57f,4.0,6.79,81.2,0
539f828a-a8b4-48f7-bd82-b6a031f44596,4.0,8.25,78.0,0
811c98a0-25c2-44fa-9c07-14c33bdcd376,4.0,8.04,90.7,0
c22956f4-b3a4-46af-bcbf-42c05e08acff,2.0,8.08,72.3,0
ed40ade3-3132-4839-ab4c-9622a8e92494,2.0,8.18,88.1,0
828d8c74-0036-4277-81af-d4700dfc81c6,6.0,7.12,83.7,0
825b1a2c-10a0-4580-82e9-2d9a53634557,4.0,7.96,63.3,1
0978d6d4-2569-4a6c-bcb2-82a95e2ed768,1.0,5.35,75.3,1
7380c0eb-edee-48e7-93bd-f24851bc903c,6.0,8.36,73.0,0
26061ff7-9b8e-4726-b727-d3b4a95d28bf,4.0,8.01,80.6,0
8c3fde4c-2d89-4665-8630-4d634cac6790,6.0,5.81,80.6,0
d5faef6d-1c0f-42d0-bd08-c6248a06652d,4.0,7.53,66.2,1
712ff425-dba8-4bb2-9d76-10c41a7aff9a,4.0,9.0,84.3,0
5498f25a-ee5d-470f-ad4e-77381e770e42,2.0,7.08,67.3,1
5c6cc2ed-3771-47f4-8f7f-556ebbe393b5,6.0,7.55,85.4,0
7c835fa2-3d85-4d9b-8397-bda38fa681da,4.0,8.49,82.1,0
c0ee9ff8-c659-4e90-94d2-978d4284b34a,4.0,7.1,92.0,0
387649e6-2b27-4ab2-8f64-a27e321d983f,4.0,7.0,98.0,0
f0aa3c56-1768-4dcb-906a-9e974944c482,6.0,9.39,76.3,0
73246218-dea4-4b96-92ff-a3977ab84d18,2.0,5.75,88.5,1
8f0e6792-b0ca-4f50-9384-741138a75598,1.0,8.88,85.8,0
50d8dbfa-8647-4f4a-b95e-4cc2e88534d6,2.0,6.8,80.4,0
9f30ce9f-6e00-4afb-a85c-a4b2712dc148,4.0,7.82,93.1,0
c2b3bd72-a29e-4f8b-baad-79f8b1569908,6.0,6.7,80.4,0
a7311312-bdf5-4157-b29e-dd9d9d830bf3,2.0,10.0,75.8,0
996351d8-9c51-4c46-992d-6e82a35f3644,1.0,9.07,59.3,1
cc26aa44-21c3-4e9e-996a-07a135e1c8f2,1.0,7.2,98.0,0
bdccaded-65ea-4501-aede-7ce1561e758b,6.0,7.72,82.8,0
3c649419-c932-4826-ade9-8beb159a5559,2.0,5.72,81.9,1
239fc409-b6bf-40db-b7de-8a32df040920,1.0,6.9,87.0,0
4f238c69-d0d9-42af-9c9b-82743b861003,1.0,7.91,84.5,0
989d7365-227f-4bdf-b747-3bdbfd414519,4.0,9.68,85.9,0
2412b7f0-1aba-43e8-9d6c-63e430338438,6.0,6.83,95.1,0
f9e7f15a-7fdf-479f-9430-2473469d0752,2.0,8.38,76.4,0
c6c034d5-5398-438a-939e-c289746d58a6,2.0,8.73,71.0,0
255028ff-4668-4c76-b8c1-ba1e9a684c68,4.0,5.83,98.0,0
9bcf43b7-8331-4915-85f3-54f312f1dac1,2.0,7.3,78.4,0
4e3d90be-9d47-4eb7-8527-dba7131cc5e8,1.0,7.57,85.9,0
72d5d83c-8fec-4702-ad0a-f9ab6ed635ca,1.0,6.61,68.7,0
aa36fed2-9311-4264-aea1-aa7a54e0a7b4,4.0,6.28,81.2,0
1c933004-18b4-4b09-91b5-5fb685f133c8,6.0,9.57,77.9,0
aaa0772a-6377-4153-88e1-221fe96680f6,6.0,6.45,68.8,0
4c126d58-064d-4d70-84b0-887308fe829a,1.0,9.18,92.8,0
25e537ea-d4ab-4819-a3e8-d4b4f0bb3903,6.0,9.35,71.4,0
6c9046dc-39db-409f-9220-abe036a1d722,6.0,8.41,71.8,0
006401e0-058b-4699-baa5-b419dc78f05d,2.0,8.15,91.1,0
2da760e9-22f1-4f8c-a9a6-f8c8558e9057,1.0,8.58,89.8,0
87410cc3-bbe5-4881-919c-09472ff3064d,6.0,5.98,64.3,1
88f418e6-ad4a-405b-95ef-10c82ae97bdb,6.0,6.29,69.2,0
53552857-59bc-466b-a1aa-8c218ba3668c,4.0,7.57,98.0,0
3775ddfe-542b-45fb-a34d-ec5a98bfaf13,2.0,7.98,81.6,0
e4fb146f-009c-4621-8475-18b825dfaed7,4.0,6.88,98.0,0
1e52497b-9585-49ec-a05f-d7706f227e68,6.0,6.21,85.1,0
e19d336d-aa2a-4ae0-8d0d-6ce195c50a6d,4.0,6.62,98.0,0
01fea676-9226-4a49-8484-5dff4b3f11df,6.0,8.47,93.7,0
124dceff-3c91-42c3-8220-e02831b43603,2.0,8.03,83.6,0
31e3f3ba-8f9f-4a2f-b1dc-3e9a16e5e23b,4.0,8.46,75.6,0
908f83e1-34e3-4886-b25f-a103833e1ea9,4.0,8.15,98.0,0
674ffc0a-b3fa-4f84-b5a0-a91760b1afd8,4.0,8.73,74.9,0
0b25c661-ff77-493a-b329-c748086f4578,1.0,6.0,84.6,0
7df02ce8-fc7b-412e-ad7e-79fe3ac43f53,2.0,6.92,81.7,0
77688f13-f461-4068-978d-de811e64bdeb,2.0,8.04,86.1,0
e150210e-4261-49f2-9ca7-42775e792749,6.0,6.17,88.3,0
e44ca2c0-d1fc-44e8-b7da-0e1a2cb904ba,1.0,6.87,67.8,1
dda48d31-eb02-40e9-a9aa-17e78292ff54,6.0,5.84,82.9,0
90d9e1c8-4955-4659-9353-f43091ce18c2,2.0,9.53,98.0,0
cea197ef-65f2-4abc-875a-6f10bfe68eb1,2.0,6.95,87.7,0
053d5def-ee0b-45b6-8cd8-05f2267d5293,1.0,9.22,55.1,1
3deff9b4-9ce6-4aad-b953-5cf97549fbb8,4.0,7.78,84.8,0
16534bf2-0d16-4c91-b0b1-9094a41f0a17,2.0,8.36,83.0,0
6700b1e8-4466-49dd-9de4-e192f1e8be86,2.0,8.7,64.5,1
86a73606-4478-4a0a-aaaa-7e5945a6df3e,6.0,7.31,87.7,0
3728d1bd-20ad-4d83-8488-6837ed777049,6.0,7.82,77.8,0
9961e233-8812-44dc-a981-9ea4af222498,2.0,7.47,69.0,0
e3af0ac2-a04c-42dd-897e-96b735f7954d,4.0,7.55,71.5,0
3d940377-7414-4e3d-abff-766ed92f88f0,1.0,8.81,65.7,1
0c523a8f-4ee9-4bcf-b0e9-e76ad844de86,6.0,7.85,76.5,0
fdf58cae-0644-4e4c-9972-556b5ec454b1,2.0,8.82,87.7,0
952cca8d-ad08-4c43-be67-26f68859a130,1.0,7.7,80.7,0
d54758a9-4aea-4cf8-a819-aabe2f9ebf22,6.0,7.0,98.0,0
f5c9d673-a59b-4d28-93f5-5bf8ff190380,4.0,7.79,85.0,0
8defb13c-8403-4126-8a99-4740c436baa7,1.0,7.24,57.0,1
b1124137-f9b8-426e-9d16-5e5cb2d4f347,1.0,7.18,79.5,0
a3565032-3161-4ceb-a9ca-3debb228dbdf,1.0,6.2,72.1,0
f8e9c3fe-8fe5-4410-83ee-6ea59a74cd4a,4.0,7.47,59.5,1
dc25282c-7907-472b-be6b-ce2031edf121,2.0,7.27,79.9,0
2087fdc0-1be2-45fb-be9a-411cfb58ffff,2.0,6.64,62.2,1
3cda6550-b193-4027-a121-b98ef8abab08,1.0,6.14,92.5,0
844acdfb-fe45-49ac-9229-a491069e94c8,4.0,7.23,95.0,0
38eac50e-05fb-4ee0-89ee-b62560d4882e,2.0,7.71,73.6,0
43992529-cb0e-49b2-86d4-54a8f6ad29ae,4.0,6.73,79.8,0
73c8db3c-e7a5-45b3-ba1e-762176eb85b8,6.0,6.59,80.7,0
e7b8fef7-567c-4411-b98c-58471a5b9d49,4.0,6.82,85.8,0
8727ca9b-158a-4ea3-8744-5f4027c7fab2,4.0,10.0,83.6,0
f04b8902-882f-4f72-a783-6ad515494059,4.0,5.74,72.0,1
1d6a36b0-c409-417a-881f-240e2f3dad80,2.0,5.86,72.2,0
76f1616e-8584-49b8-b426-b150b5817bf0,2.0,5.58,78.1,1
18e5f828-f968-43e2-98e3-eba147568b49,6.0,7.46,63.3,1
2907461c-f765-4d3c-a834-1d95facf9fa0,1.0,6.76,67.8,1
23bbaff9-5ceb-40e8-82b6-8b7759c21a0d,6.0,8.08,65.7,1
2f3688c9-3972-4d98-b2be-e985145a4c5f,4.0,4.5,67.6,1
e0293299-fbeb-41d6-8c55-e01f5e5dbd41,4.0,7.41,78.6,0
1901ec18-eb4f-4612-96c7-ef1d391b3e03,6.0,6.97,90.5,0
154be4f1-64e5-427b-874e-744338d4b508,4.0,5.54,77.3,1
5d5636b6-fe1c-46cb-8a21-efdc25c97705,1.0,5.78,91.5,1
b1ec3a10-62ca-4b22-a016-f0e5ab78c2ef,2.0,9.1,81.9,0
1244440a-6c7d-4105-9927-562b372559b5,6.0,8.52,77.3,0
af4ecbdd-45ad-48ea-a7f1-a19d99eecb3a,2.0,6.54,66.7,1
c98e0eb6-4b14-425b-9976-1b907ea572f4,1.0,6.8,74.2,0
52b96134-0a0f-4566-8b5f-1226a719dfc6,6.0,9.65,84.5,0
5856cb04-0d08-41ea-95e0-2791443952ca,4.0,9.35,92.5,0
a5b90708-36f3-4ba6-809d-bbb957aab438,1.0,7.54,63.5,1
fa9f08dd-6919-4664-90de-beb5a46b6347,4.0,7.87,90.5,0
55a828a2-4d99-459a-9a6b-d6b461a34f72,6.0,6.17,66.6,1
049b8b04-7223-426b-a8f9-2815a5f1ec17,4.0,6.16,53.3,1
22522b91-3559-400d-8fbb-e0cd91c2baeb,4.0,7.81,67.3,1
3025c386-fa91-45a6-95fa-9e9f6a93114e,4.0,8.82,82.9,0
eb7f0c89-0787-41db-8aa7-4d591a8ca66d,6.0,7.89,73.9,0
78ff812f-a481-42a9-b220-0b36f39b6319,1.0,6.29,69.1,0
7bc5ff4a-706c-4ef6-8f1a-21b041cd2f0f,2.0,6.69,82.0,0
b2914819-2d04-4f53-9154-1af4429f8b13,4.0,5.23,79.3,1
635bc047-5d93-4e7a-afd4-1810898d7b28,4.0,7.35,81.7,0
d3e507af-21d8-46a0-88af-05633d6b7c70,6.0,9.47,81.7,0
cf788c24-e1e6-43c7-9cc6-53ec69c3ef60,4.0,7.85,82.2,0
d23e07b5-474b-417a-a078-b3b57f4004f5,6.0,7.69,96.6,0
6f88cb0a-8210-411f-a0ca-7404903ad8ab,4.0,6.49,81.9,0
4a142a35-c426-44b0-ae93-48a441ecc876,1.0,6.44,65.1,1
13e6c5d2-d2f3-4d3b-85c9-ceab172c9dfe,2.0,7.59,69.5,0
b10c4705-1374-498e-b588-8b6e814cddd2,2.0,8.92,68.4,0
07692f8b-0ff6-4fc4-84a1-6cfaaffc3d34,4.0,8.78,90.8,0
b8d7a204-924c-46fc-917a-cff4d10a590d,6.0,7.09,78.5,0
1af32531-4582-4867-a7f1-70e008610d62,6.0,8.17,70.3,0
f0a89b4b-9c8e-43bd-a194-216f27c7ab3e,6.0,6.33,75.9,0
1d120b48-52c7-42f1-9498-c395cda475ed,2.0,7.15,63.3,1
fd7bc3ed-564c-48e3-8af4-d47ec4b6adae,1.0,5.7,86.6,1
397ff6ac-450b-4dcc-8487-f7e3f3f3da49,6.0,9.46,78.4,0
1f260fb6-c6fd-4cdc-84ef-e27e79b5c31f,6.0,8.5,88.5,0
82fded1f-b2a4-4326-8d7f-3c6c5aa17bea,4.0,6.07,86.4,0
6906833a-ed91-44ef-9f39-cfa1ad466199,2.0,7.32,91.3,0
c9426514-1f43-4ec4-a1be-04036ec45c7e,1.0,7.09,77.0,0
07dbbf5a-9c42-4a2f-a99d-ef55e114f9f7,6.0,6.5,72.5,0
7d372ae8-b86d-43c6-9296-92c6222105e7,1.0,8.54,83.5,0
9725996d-ae2f-454e-9317-777d1dc37f50,1.0,8.34,75.3,0
33c5f727-dccf-4d56-b26d-056cf0cbdcf1,4.0,7.91,66.2,1
0590278b-4592-4c0b-ac3d-2d87a7a3309e,4.0,4.5,63.1,1
2052df68-0f4f-45a0-9cce-d4a6ad838770,1.0,7.08,85.1,0
d7122c6c-f0b6-458d-a742-c308cefb60fd,2.0,7.39,73.1,0
b8f2a8b1-9061-4f3b-b85a-dc4db4618dd1,6.0,8.9,70.3,0
ae9f84e7-e01e-49fe-9bca-05498774a11a,1.0,6.58,64.0,1
d4bd5a5b-0d76-4744-9c7e-d9d80146270c,1.0,6.01,64.5,1
7683985b-bda9-4f7d-9a08-f7e1811bc5e6,6.0,7.62,80.6,0
de27ac13-5024-496b-a19b-b5ab88869c48,2.0,8.69,90.7,0
