id,student_id,course_id,risk_score,risk_level,primary_risk_factor,shap_explanation,flagged_at,reviewed_by_faculty_id,faculty_intervention_notes,is_intervened,reviewed_at
2ce0a73d-971b-4406-84a7-c5ac3ff28e27,34e502c2-fa06-4e5b-afef-98abbff7cfce,539f9c66-84f9-5b19-943a-cb15d62bbc33,0.89,CRITICAL,Low Cumulative CGPA & Assignment Delays,"{""attendance_pct"": -0.2, ""midterm_marks"": -0.35, ""assignment_submission_delay"": -0.15}",2026-09-10 18:10:04.34034,15ca48fc-df67-512c-815e-c085107e9c59,"Faculty intervention scheduled: mentoring, attendance follow-up and course support recommended.",True,2026-09-03 10:00:00
1834c0e4-a8de-4a1a-8a85-8b92b55b938f,60f7d907-739c-4a83-b7a5-e0c7c2f8c831,005078bd-c539-5c44-a631-7e7dd9fb778c,0.92,CRITICAL,Low Cumulative CGPA & Assignment Delays,"{""attendance_pct"": -0.2, ""midterm_marks"": -0.15, ""assignment_submission_delay"": -0.15}",2026-09-10 18:10:04.34034,e22bf2b6-38c3-5617-9c4a-0acd181581d6,,False,
a726d826-b26c-470e-ab18-2c8840e7324a,3b41dfe4-59c5-4f15-ade6-d306f55f22f9,005078bd-c539-5c44-a631-7e7dd9fb778c,0.82,HIGH,Low Class Attendance & Midterm Scores,"{""attendance_pct"": -0.45, ""midterm_marks"": -0.15, ""assignment_submission_delay"": -0.15}",2026-09-10 18:10:04.34034,b84eb5f1-c2a0-59d4-9839-df45cf02a21f,"Faculty intervention scheduled: mentoring, attendance follow-up and course support recommended.",True,2026-09-03 10:00:00
c5e61065-4c9c-4300-bc1e-a8ad192c8061,205ab441-ba97-4d3e-94c9-31da22e5306f,2bc3bd90-0760-5d47-9467-5a5992c412e5,0.83,HIGH,Low Class Attendance & Midterm Scores,"{""attendance_pct"": -0.45, ""midterm_marks"": -0.15, ""assignment_submission_delay"": -0.15}",2026-09-10 18:10:04.34034,a4aa6329-cf7f-5e3f-958c-df3fbeeac2f0,,False,
be5b98a9-88c0-413f-acfe-5916faef5ca2,73313afa-c5b3-4404-a6fd-cefad75d1eb6,29f10515-0a52-55f4-896b-fa882e11e38e,0.94,CRITICAL,Low Cumulative CGPA & Assignment Delays,"{""attendance_pct"": -0.2, ""midterm_marks"": -0.15, ""assignment_submission_delay"": -0.15}",2026-09-10 18:10:04.34034,b84eb5f1-c2a0-59d4-9839-df45cf02a21f,"Faculty intervention scheduled: mentoring, attendance follow-up and course support recommended.",True,2026-09-03 10:00:00
63abe0a6-75ca-4d34-867d-67d1e9d4957b,bd0bfff1-aa08-469f-ace3-025aed67e75a,945cbb28-3a50-5ed1-8e70-c416ee3f92f0,0.86,CRITICAL,Low Cumulative CGPA & Assignment Delays,"{""attendance_pct"": -0.2, ""midterm_marks"": -0.35, ""assignment_submission_delay"": -0.15}",2026-09-10 18:10:04.34034,096bae8a-b448-52a4-b11b-94f573db47d7,,False,
7bb07899-a03e-4f1b-be31-dead1a382ac2,468d5573-23a5-4e70-910f-a6582f4a9796,817d9a6f-e405-58f8-991b-373c31bd4e25,0.94,CRITICAL,Low Class Attendance & Midterm Scores,"{""attendance_pct"": -0.45, ""midterm_marks"": -0.15, ""assignment_submission_delay"": -0.15}",2026-09-10 18:10:04.34034,be990cb0-426f-5d38-9745-d477c185f5eb,"Faculty intervention scheduled: mentoring, attendance follow-up and course support recommended.",True,2026-09-03 10:00:00
a53acc33-f952-4e7d-b1c7-9a6d0b20c307,3d2634ae-ac32-4d69-96a0-46233b2d7dad,c697ab81-ffed-5fa6-9b51-be0954571d20,0.9,CRITICAL,Low Class Attendance & Midterm Scores,"{""attendance_pct"": -0.45, ""midterm_marks"": -0.15, ""assignment_submission_delay"": -0.15}",2026-09-10 18:10:04.34034,3a618d80-06ca-5715-898b-c91424935f9c,"Faculty intervention scheduled: mentoring, attendance follow-up and course support recommended.",True,2026-09-03 10:00:00
85a1601e-9639-4f5a-96e6-e8ea00b5d559,a28a7e4f-6327-4d2a-9fb6-c5a24dd9c085,f27d152a-f613-51a3-aea8-0506e5d24c3a,0.93,CRITICAL,Low Cumulative CGPA & Assignment Delays,"{""attendance_pct"": -0.2, ""midterm_marks"": -0.35, ""assignment_submission_delay"": -0.15}",2026-09-10 18:10:04.34034,d800e811-1ab0-565d-8548-728e67072757,"Faculty intervention scheduled: mentoring, attendance follow-up and course support recommended.",True,2026-09-03 10:00:00
26cd76f1-5971-4a9b-933b-2eee5dc03deb,62635a52-79be-4983-a930-e0a4dddc561a,5ceb5573-0231-5d70-848b-193fcfdb644c,0.79,HIGH,Low Cumulative CGPA & Assignment Delays,"{""attendance_pct"": -0.2, ""midterm_marks"": -0.35, ""assignment_submission_delay"": -0.15}",2026-09-10 18:10:04.34034,15ca48fc-df67-512c-815e-c085107e9c59,,False,
354c9adb-3a31-4fb8-a2a9-b497c44a476a,7200bf7a-08c0-4ca4-9c0e-6d596569e2a1,cc6bfe47-d156-5f3c-a0a6-64be53ff1202,0.86,CRITICAL,Low Class Attendance & Midterm Scores,"{""attendance_pct"": -0.45, ""midterm_marks"": -0.15, ""assignment_submission_delay"": -0.15}",2026-09-10 18:10:04.34034,d800e811-1ab0-565d-8548-728e67072757,,False,
2a94b2c3-e5cb-4be1-a100-b51ba8839479,2edafeee-b273-45ff-8ad6-7fa3a827fdbd,21e87180-7538-5689-922d-8889674702ed,0.92,CRITICAL,Low Cumulative CGPA & Assignment Delays,"{""attendance_pct"": -0.2, ""midterm_marks"": -0.15, ""assignment_submission_delay"": -0.15}",2026-09-10 18:10:04.34034,c21ecdfa-6821-58f3-80ad-01ad42723c64,"Faculty intervention scheduled: mentoring, attendance follow-up and course support recommended.",True,2026-09-03 10:00:00
04bb983c-43ed-475e-93c3-d6c9f97c253e,95367de5-7130-4f76-8f84-a68859c30c97,a71f945b-22bf-5921-85a0-cb1acd7cb2e6,0.75,HIGH,Low Class Attendance & Midterm Scores,"{""attendance_pct"": -0.45, ""midterm_marks"": -0.15, ""assignment_submission_delay"": -0.15}",2026-09-10 18:10:04.34034,3a618d80-06ca-5715-898b-c91424935f9c,,False,
461d07e4-60f3-4b0c-8efa-6f4095bb9501,7006ec6d-87ac-480b-86ea-a9b8143bc4ed,f8b6ad01-594d-5e52-b325-ed9eb13211e1,0.8,HIGH,Low Class Attendance & Midterm Scores,"{""attendance_pct"": -0.45, ""midterm_marks"": -0.15, ""assignment_submission_delay"": -0.15}",2026-09-10 18:10:04.34034,a4aa6329-cf7f-5e3f-958c-df3fbeeac2f0,"Faculty intervention scheduled: mentoring, attendance follow-up and course support recommended.",True,2026-09-03 10:00:00
59b9c723-6fb2-4832-b559-621d212a40b8,72678c82-38a3-423a-a567-7f09511ce1cb,005078bd-c539-5c44-a631-7e7dd9fb778c,0.73,HIGH,Low Cumulative CGPA & Assignment Delays,"{""attendance_pct"": -0.2, ""midterm_marks"": -0.35, ""assignment_submission_delay"": -0.15}",2026-09-10 18:10:04.34034,be990cb0-426f-5d38-9745-d477c185f5eb,"Faculty intervention scheduled: mentoring, attendance follow-up and course support recommended.",True,2026-09-03 10:00:00
ad5999c2-d3b2-452b-af72-904bcb022df3,d0e331e2-b577-460d-b447-c38d2f8cf4bf,c8e42f25-4acd-5f8b-8bce-f0cab27cc71f,0.93,CRITICAL,Low Class Attendance & Midterm Scores,"{""attendance_pct"": -0.45, ""midterm_marks"": -0.15, ""assignment_submission_delay"": -0.15}",2026-09-10 18:10:04.34034,15ca48fc-df67-512c-815e-c085107e9c59,"Faculty intervention scheduled: mentoring, attendance follow-up and course support recommended.",True,2026-09-03 10:00:00
16fc282b-9568-4a47-b66a-cc8bccae4ca0,3ad01eef-4870-4b95-82d2-f092a08cae45,40d412e8-fc3b-5972-8ff2-90b35de8a2d3,0.81,HIGH,Low Class Attendance & Midterm Scores,"{""attendance_pct"": -0.45, ""midterm_marks"": -0.15, ""assignment_submission_delay"": -0.15}",2026-09-10 18:10:04.34034,b84eb5f1-c2a0-59d4-9839-df45cf02a21f,,False,
769302f9-1c2c-44da-aa8e-fefb4457c8a9,51d648a0-b49b-4f64-aa29-413ad1d43861,d9518e1b-06ba-5f43-b6b9-67d017eaae5d,0.86,CRITICAL,Low Cumulative CGPA & Assignment Delays,"{""attendance_pct"": -0.2, ""midterm_marks"": -0.15, ""assignment_submission_delay"": -0.15}",2026-09-10 18:10:04.34034,e22bf2b6-38c3-5617-9c4a-0acd181581d6,"Faculty intervention scheduled: mentoring, attendance follow-up and course support recommended.",True,2026-09-03 10:00:00
fc857561-7885-4993-96fe-f7d0811b53dc,ceb67719-fd3d-4a91-9763-0a1afac5f32b,5297007a-130e-5341-af7a-4e9027c2dadf,0.78,HIGH,Low Cumulative CGPA & Assignment Delays,"{""attendance_pct"": -0.2, ""midterm_marks"": -0.35, ""assignment_submission_delay"": -0.15}",2026-09-10 18:10:04.34034,d0409be6-f753-5863-8426-94a84553a16e,,False,
74621730-c490-4d3e-80cd-11f069fe114c,873b1707-ebea-41fe-9627-6f38c5b22743,005078bd-c539-5c44-a631-7e7dd9fb778c,0.92,CRITICAL,Low Cumulative CGPA & Assignment Delays,"{""attendance_pct"": -0.2, ""midterm_marks"": -0.35, ""assignment_submission_delay"": -0.15}",2026-09-10 18:10:04.34034,aea15467-f034-51f8-bc1b-18594762d5ce,"Faculty intervention scheduled: mentoring, attendance follow-up and course support recommended.",True,2026-09-03 10:00:00
05a4b8a7-c6e8-4120-86e2-02e5aa09cdc7,7cc457a4-a683-4f52-a032-e024018a2325,5297007a-130e-5341-af7a-4e9027c2dadf,0.79,HIGH,Low Cumulative CGPA & Assignment Delays,"{""attendance_pct"": -0.2, ""midterm_marks"": -0.35, ""assignment_submission_delay"": -0.15}",2026-09-10 18:10:04.34034,3a618d80-06ca-5715-898b-c91424935f9c,"Faculty intervention scheduled: mentoring, attendance follow-up and course support recommended.",True,2026-09-03 10:00:00
c7db46cf-df84-481f-8cc6-7d6faabb4dad,2195f2a4-7b37-4373-b6dd-55cfa6182581,f8b6ad01-594d-5e52-b325-ed9eb13211e1,0.92,CRITICAL,Low Cumulative CGPA & Assignment Delays,"{""attendance_pct"": -0.2, ""midterm_marks"": -0.35, ""assignment_submission_delay"": -0.15}",2026-09-10 18:10:04.34034,b84eb5f1-c2a0-59d4-9839-df45cf02a21f,"Faculty intervention scheduled: mentoring, attendance follow-up and course support recommended.",True,2026-09-03 10:00:00
02cd0453-ce77-46e6-a7f7-4b376e133751,c66ec193-2cd1-4f45-ac3f-fa1caba2ffe8,a71f945b-22bf-5921-85a0-cb1acd7cb2e6,0.73,HIGH,Low Cumulative CGPA & Assignment Delays,"{""attendance_pct"": -0.2, ""midterm_marks"": -0.15, ""assignment_submission_delay"": -0.15}",2026-09-10 18:10:04.34034,d800e811-1ab0-565d-8548-728e67072757,,False,
dbaef198-aed3-4813-8af4-13e2e9603ba6,5dddf8ec-f9e6-4e05-a2be-5df1892fbd38,945cbb28-3a50-5ed1-8e70-c416ee3f92f0,0.77,HIGH,Low Class Attendance & Midterm Scores,"{""attendance_pct"": -0.45, ""midterm_marks"": -0.15, ""assignment_submission_delay"": -0.15}",2026-09-10 18:10:04.34034,c21ecdfa-6821-58f3-80ad-01ad42723c64,"Faculty intervention scheduled: mentoring, attendance follow-up and course support recommended.",True,2026-09-03 10:00:00
a8d26260-62c5-4424-a8c2-4f5840b2ab62,fa5e4ff9-07c0-4945-919e-ffcfc2b67440,539f9c66-84f9-5b19-943a-cb15d62bbc33,0.91,CRITICAL,Low Class Attendance & Midterm Scores,"{""attendance_pct"": -0.45, ""midterm_marks"": -0.15, ""assignment_submission_delay"": -0.15}",2026-09-10 18:10:04.34034,d0409be6-f753-5863-8426-94a84553a16e,"Faculty intervention scheduled: mentoring, attendance follow-up and course support recommended.",True,2026-09-03 10:00:00
443f4753-2539-4285-b414-c1827cdc8f7e,d0bebdf3-b2c8-41a1-9632-bee14f91d1b9,325f5f11-db40-5f00-816d-d66357e36c70,0.86,CRITICAL,Low Cumulative CGPA & Assignment Delays,"{""attendance_pct"": -0.2, ""midterm_marks"": -0.15, ""assignment_submission_delay"": -0.15}",2026-09-10 18:10:04.34034,3a618d80-06ca-5715-898b-c91424935f9c,"Faculty intervention scheduled: mentoring, attendance follow-up and course support recommended.",True,2026-09-03 10:00:00
254f69cf-767e-40f7-88bd-20cab89c468a,7612300c-13b5-494d-b31e-45f0277d9f4b,730c5632-33dc-5e69-a798-6135043a47aa,0.75,HIGH,Low Cumulative CGPA & Assignment Delays,"{""attendance_pct"": -0.2, ""midterm_marks"": -0.15, ""assignment_submission_delay"": -0.15}",2026-09-10 18:10:04.34034,a4aa6329-cf7f-5e3f-958c-df3fbeeac2f0,"Faculty intervention scheduled: mentoring, attendance follow-up and course support recommended.",True,2026-09-03 10:00:00
c66eb00e-89fe-42b0-bed6-ecbca7ce0899,aec7a09d-cce7-4f59-b134-5a2de1609367,730c5632-33dc-5e69-a798-6135043a47aa,0.72,HIGH,Low Cumulative CGPA & Assignment Delays,"{""attendance_pct"": -0.2, ""midterm_marks"": -0.35, ""assignment_submission_delay"": -0.15}",2026-09-10 18:10:04.34034,aea15467-f034-51f8-bc1b-18594762d5ce,,False,
7592d396-9cb3-4d0b-bd76-58c4a17622fb,e4523ecf-bfdc-4ac6-bc2e-d7311f35c05f,945cbb28-3a50-5ed1-8e70-c416ee3f92f0,0.9,CRITICAL,Low Cumulative CGPA & Assignment Delays,"{""attendance_pct"": -0.2, ""midterm_marks"": -0.35, ""assignment_submission_delay"": -0.15}",2026-09-10 18:10:04.34034,e22bf2b6-38c3-5617-9c4a-0acd181581d6,"Faculty intervention scheduled: mentoring, attendance follow-up and course support recommended.",True,2026-09-03 10:00:00
e24604f6-cc69-4cec-bc65-a217790a0349,721c4609-6bc6-46c6-b64d-acae200964c9,5297007a-130e-5341-af7a-4e9027c2dadf,0.78,HIGH,Low Cumulative CGPA & Assignment Delays,"{""attendance_pct"": -0.2, ""midterm_marks"": -0.15, ""assignment_submission_delay"": -0.15}",2026-09-10 18:10:04.34034,d0409be6-f753-5863-8426-94a84553a16e,,False,
71ac9990-f7e7-4d4d-baff-44301ed9584b,e3e027a0-404c-438e-9b96-6915df9ac2d5,cc6bfe47-d156-5f3c-a0a6-64be53ff1202,0.88,CRITICAL,Low Cumulative CGPA & Assignment Delays,"{""attendance_pct"": -0.2, ""midterm_marks"": -0.35, ""assignment_submission_delay"": -0.15}",2026-09-10 18:10:04.34034,e22bf2b6-38c3-5617-9c4a-0acd181581d6,,False,
ea5a42ae-fc30-4855-9bd8-eddc9c5c4fbe,2d7d77a1-16a2-4d29-8024-8cf89fce4108,5297007a-130e-5341-af7a-4e9027c2dadf,0.79,HIGH,Low Cumulative CGPA & Assignment Delays,"{""attendance_pct"": -0.2, ""midterm_marks"": -0.35, ""assignment_submission_delay"": -0.15}",2026-09-10 18:10:04.34034,15ca48fc-df67-512c-815e-c085107e9c59,"Faculty intervention scheduled: mentoring, attendance follow-up and course support recommended.",True,2026-09-03 10:00:00
b0693d7a-2ea0-44da-be7c-547202a5cd5f,820d3435-69f9-4542-bbc7-53817d9b075d,5ceb5573-0231-5d70-848b-193fcfdb644c,0.86,CRITICAL,Low Cumulative CGPA & Assignment Delays,"{""attendance_pct"": -0.2, ""midterm_marks"": -0.15, ""assignment_submission_delay"": -0.15}",2026-09-10 18:10:04.34034,be990cb0-426f-5d38-9745-d477c185f5eb,"Faculty intervention scheduled: mentoring, attendance follow-up and course support recommended.",True,2026-09-03 10:00:00
6ad1815d-666a-49ce-92f6-4b5f65f726c8,5d86059e-9ca8-4411-b11e-8b27b76b339b,c697ab81-ffed-5fa6-9b51-be0954571d20,0.86,CRITICAL,Low Class Attendance & Midterm Scores,"{""attendance_pct"": -0.45, ""midterm_marks"": -0.35, ""assignment_submission_delay"": -0.15}",2026-09-10 18:10:04.34034,fe5c93f6-e5a4-508d-aa3d-61d3961e79b6,"Faculty intervention scheduled: mentoring, attendance follow-up and course support recommended.",True,2026-09-03 10:00:00
ef866887-1787-4f4c-92f3-4f17061206c1,c6d291b4-cb0e-437c-8f0d-247676f2cf42,f8b6ad01-594d-5e52-b325-ed9eb13211e1,0.89,CRITICAL,Low Class Attendance & Midterm Scores,"{""attendance_pct"": -0.45, ""midterm_marks"": -0.15, ""assignment_submission_delay"": -0.15}",2026-09-10 18:10:04.34034,b84eb5f1-c2a0-59d4-9839-df45cf02a21f,"Faculty intervention scheduled: mentoring, attendance follow-up and course support recommended.",True,2026-09-03 10:00:00
6635e5d7-9d85-41ff-92a0-df44296a443c,6e59252b-8f4d-4b5a-8e11-c84524a75f63,325f5f11-db40-5f00-816d-d66357e36c70,0.86,CRITICAL,Low Cumulative CGPA & Assignment Delays,"{""attendance_pct"": -0.2, ""midterm_marks"": -0.35, ""assignment_submission_delay"": -0.15}",2026-09-10 18:10:04.34034,be990cb0-426f-5d38-9745-d477c185f5eb,"Faculty intervention scheduled: mentoring, attendance follow-up and course support recommended.",True,2026-09-03 10:00:00
fa7ebb04-69b9-4c83-99cc-d80ec3bfede1,a11c7b94-3d35-4dcf-b26b-40a14c9c4994,f27d152a-f613-51a3-aea8-0506e5d24c3a,0.83,HIGH,Low Cumulative CGPA & Assignment Delays,"{""attendance_pct"": -0.2, ""midterm_marks"": -0.35, ""assignment_submission_delay"": -0.15}",2026-09-10 18:10:04.34034,a4aa6329-cf7f-5e3f-958c-df3fbeeac2f0,,False,
06d331c6-b194-49ac-8fa7-8617363be3e0,fe7d693a-701e-4722-b742-b18e299411ad,945cbb28-3a50-5ed1-8e70-c416ee3f92f0,0.9,CRITICAL,Low Cumulative CGPA & Assignment Delays,"{""attendance_pct"": -0.2, ""midterm_marks"": -0.35, ""assignment_submission_delay"": -0.15}",2026-09-10 18:10:04.34034,aea15467-f034-51f8-bc1b-18594762d5ce,"Faculty intervention scheduled: mentoring, attendance follow-up and course support recommended.",True,2026-09-03 10:00:00
d9dd119e-adeb-4bfc-937b-8a3bd7d2fd6d,c09b927d-fe3c-4e8d-a157-100cef49d473,a71f945b-22bf-5921-85a0-cb1acd7cb2e6,0.76,HIGH,Low Cumulative CGPA & Assignment Delays,"{""attendance_pct"": -0.2, ""midterm_marks"": -0.35, ""assignment_submission_delay"": -0.15}",2026-09-10 18:10:04.34034,096bae8a-b448-52a4-b11b-94f573db47d7,,False,
9b81f694-048e-48b3-bef1-3787e809990e,a85f56b6-d3e0-40ad-8013-54d17dd157d8,21e87180-7538-5689-922d-8889674702ed,0.74,HIGH,Low Cumulative CGPA & Assignment Delays,"{""attendance_pct"": -0.2, ""midterm_marks"": -0.15, ""assignment_submission_delay"": -0.15}",2026-09-10 18:10:04.34034,aea15467-f034-51f8-bc1b-18594762d5ce,,False,
ba092a1c-8766-4f10-94b9-a2a1533c7793,2de02bf8-dad6-4d6d-b1b4-371757677280,817d9a6f-e405-58f8-991b-373c31bd4e25,0.78,HIGH,Low Cumulative CGPA & Assignment Delays,"{""attendance_pct"": -0.2, ""midterm_marks"": -0.15, ""assignment_submission_delay"": -0.15}",2026-09-10 18:10:04.34034,d800e811-1ab0-565d-8548-728e67072757,"Faculty intervention scheduled: mentoring, attendance follow-up and course support recommended.",True,2026-09-03 10:00:00
442f49f6-8c49-4007-8dea-f1f0d259b9d9,53e1e785-d6ed-4904-a0a3-d5d5fbef2753,c697ab81-ffed-5fa6-9b51-be0954571d20,0.82,HIGH,Low Class Attendance & Midterm Scores,"{""attendance_pct"": -0.45, ""midterm_marks"": -0.35, ""assignment_submission_delay"": -0.15}",2026-09-10 18:10:04.34034,aea15467-f034-51f8-bc1b-18594762d5ce,"Faculty intervention scheduled: mentoring, attendance follow-up and course support recommended.",True,2026-09-03 10:00:00
ab9e4878-f58b-4eea-9ceb-fb86e0288231,95a87c74-750e-4a67-a9cd-e11e462e8260,730c5632-33dc-5e69-a798-6135043a47aa,0.89,CRITICAL,Low Cumulative CGPA & Assignment Delays,"{""attendance_pct"": -0.2, ""midterm_marks"": -0.15, ""assignment_submission_delay"": -0.15}",2026-09-10 18:10:04.34034,3a618d80-06ca-5715-898b-c91424935f9c,,False,
188c4ce8-4928-4888-95e4-00f1a3ca6e07,121dad7f-adcb-4cfa-98b0-086aeca4ac60,29f10515-0a52-55f4-896b-fa882e11e38e,0.78,HIGH,Low Class Attendance & Midterm Scores,"{""attendance_pct"": -0.45, ""midterm_marks"": -0.15, ""assignment_submission_delay"": -0.15}",2026-09-10 18:10:04.34034,aea15467-f034-51f8-bc1b-18594762d5ce,"Faculty intervention scheduled: mentoring, attendance follow-up and course support recommended.",True,2026-09-03 10:00:00
26c3b61c-4e7d-48cb-9792-94a5ad44e027,9e1d912d-ca84-4fde-a46d-a190e20223b8,40d412e8-fc3b-5972-8ff2-90b35de8a2d3,0.76,HIGH,Low Class Attendance & Midterm Scores,"{""attendance_pct"": -0.45, ""midterm_marks"": -0.15, ""assignment_submission_delay"": -0.15}",2026-09-10 18:10:04.34034,3a618d80-06ca-5715-898b-c91424935f9c,,False,
2d036e47-0ea8-4a9f-b016-eddc1f0dab5f,da4c690e-a178-42de-83ef-56798b0b6ebb,945cbb28-3a50-5ed1-8e70-c416ee3f92f0,0.78,HIGH,Low Class Attendance & Midterm Scores,"{""attendance_pct"": -0.45, ""midterm_marks"": -0.15, ""assignment_submission_delay"": -0.15}",2026-09-10 18:10:04.34034,15ca48fc-df67-512c-815e-c085107e9c59,"Faculty intervention scheduled: mentoring, attendance follow-up and course support recommended.",True,2026-09-03 10:00:00
81ad8433-d1bd-4477-8a15-08401657f967,7621896b-a702-43ea-9b6d-0b3ada0972db,325f5f11-db40-5f00-816d-d66357e36c70,0.93,CRITICAL,Low Cumulative CGPA & Assignment Delays,"{""attendance_pct"": -0.2, ""midterm_marks"": -0.35, ""assignment_submission_delay"": -0.15}",2026-09-10 18:10:04.34034,3a618d80-06ca-5715-898b-c91424935f9c,"Faculty intervention scheduled: mentoring, attendance follow-up and course support recommended.",True,2026-09-03 10:00:00
e98ef235-9bbe-4fd0-bfaf-b9c6b7460f93,e9abd609-e222-4a3d-8c98-cf43455ef66d,29f10515-0a52-55f4-896b-fa882e11e38e,0.88,CRITICAL,Low Class Attendance & Midterm Scores,"{""attendance_pct"": -0.45, ""midterm_marks"": -0.15, ""assignment_submission_delay"": -0.15}",2026-09-10 18:10:04.34034,096bae8a-b448-52a4-b11b-94f573db47d7,"Faculty intervention scheduled: mentoring, attendance follow-up and course support recommended.",True,2026-09-03 10:00:00
861dcb73-cd53-4600-82a0-c191fad794a3,05aff4fc-0ef5-40ff-99ad-8b7c67374707,539f9c66-84f9-5b19-943a-cb15d62bbc33,0.9,CRITICAL,Low Cumulative CGPA & Assignment Delays,"{""attendance_pct"": -0.2, ""midterm_marks"": -0.35, ""assignment_submission_delay"": -0.15}",2026-09-10 18:10:04.34034,c21ecdfa-6821-58f3-80ad-01ad42723c64,"Faculty intervention scheduled: mentoring, attendance follow-up and course support recommended.",True,2026-09-03 10:00:00
9e424c95-41e7-44f6-a7d2-14b1bb8778f2,5a991d9d-7d71-4b4f-a3d2-fef8d9bc66cc,c8e42f25-4acd-5f8b-8bce-f0cab27cc71f,0.82,HIGH,Low Class Attendance & Midterm Scores,"{""attendance_pct"": -0.45, ""midterm_marks"": -0.15, ""assignment_submission_delay"": -0.15}",2026-09-10 18:10:04.34034,a4aa6329-cf7f-5e3f-958c-df3fbeeac2f0,"Faculty intervention scheduled: mentoring, attendance follow-up and course support recommended.",True,2026-09-03 10:00:00
2d27989b-2965-4abc-a640-1812ece86ed4,ff5cf24e-86e2-4b6d-8bd4-08c0725e1f1c,945cbb28-3a50-5ed1-8e70-c416ee3f92f0,0.91,CRITICAL,Low Cumulative CGPA & Assignment Delays,"{""attendance_pct"": -0.2, ""midterm_marks"": -0.15, ""assignment_submission_delay"": -0.15}",2026-09-10 18:10:04.34034,e22bf2b6-38c3-5617-9c4a-0acd181581d6,"Faculty intervention scheduled: mentoring, attendance follow-up and course support recommended.",True,2026-09-03 10:00:00
119cc840-6ebe-430a-abf5-650f429ea714,0e915a9c-5f50-4427-9524-e51633f06ad9,29f10515-0a52-55f4-896b-fa882e11e38e,0.77,HIGH,Low Cumulative CGPA & Assignment Delays,"{""attendance_pct"": -0.2, ""midterm_marks"": -0.35, ""assignment_submission_delay"": -0.15}",2026-09-10 18:10:04.34034,e22bf2b6-38c3-5617-9c4a-0acd181581d6,,False,
16205aa5-762b-4aae-92f5-23118b678240,c2333b31-09ec-44b0-b676-c9154914e222,a71f945b-22bf-5921-85a0-cb1acd7cb2e6,0.8,HIGH,Low Cumulative CGPA & Assignment Delays,"{""attendance_pct"": -0.2, ""midterm_marks"": -0.15, ""assignment_submission_delay"": -0.15}",2026-09-10 18:10:04.34034,15ca48fc-df67-512c-815e-c085107e9c59,,False,
f09902a9-c7e5-491a-87f4-13ce9178e7a0,ca239e5a-e87b-4521-8602-e18c40dcbded,2bc3bd90-0760-5d47-9467-5a5992c412e5,0.94,CRITICAL,Low Cumulative CGPA & Assignment Delays,"{""attendance_pct"": -0.2, ""midterm_marks"": -0.15, ""assignment_submission_delay"": -0.15}",2026-09-10 18:10:04.34034,be990cb0-426f-5d38-9745-d477c185f5eb,"Faculty intervention scheduled: mentoring, attendance follow-up and course support recommended.",True,2026-09-03 10:00:00
4cae18ec-9702-45c3-919f-3647ea8c96fc,3f0c0058-6e4a-4577-8cd3-5838c6a78ae9,325f5f11-db40-5f00-816d-d66357e36c70,0.77,HIGH,Low Cumulative CGPA & Assignment Delays,"{""attendance_pct"": -0.2, ""midterm_marks"": -0.35, ""assignment_submission_delay"": -0.15}",2026-09-10 18:10:04.34034,a4aa6329-cf7f-5e3f-958c-df3fbeeac2f0,,False,
77620013-b210-4d24-bff7-42d75f34f7f2,af175c0c-15f0-44f8-81e5-ef8524d49392,f8b6ad01-594d-5e52-b325-ed9eb13211e1,0.85,HIGH,Low Class Attendance & Midterm Scores,"{""attendance_pct"": -0.45, ""midterm_marks"": -0.15, ""assignment_submission_delay"": -0.15}",2026-09-10 18:10:04.34034,d0409be6-f753-5863-8426-94a84553a16e,"Faculty intervention scheduled: mentoring, attendance follow-up and course support recommended.",True,2026-09-03 10:00:00
4324e077-6a25-4638-b095-98731902d725,7f323044-97ed-4628-84f2-587b2028e5c3,945cbb28-3a50-5ed1-8e70-c416ee3f92f0,0.77,HIGH,Low Cumulative CGPA & Assignment Delays,"{""attendance_pct"": -0.2, ""midterm_marks"": -0.35, ""assignment_submission_delay"": -0.15}",2026-09-10 18:10:04.34034,c21ecdfa-6821-58f3-80ad-01ad42723c64,,False,
d7a8921a-7ff6-43a2-8edb-5dd5cefd72c1,b196267c-e9ec-446b-bb9d-7daaa27cc54c,c8e42f25-4acd-5f8b-8bce-f0cab27cc71f,0.81,HIGH,Low Cumulative CGPA & Assignment Delays,"{""attendance_pct"": -0.2, ""midterm_marks"": -0.15, ""assignment_submission_delay"": -0.15}",2026-09-10 18:10:04.34034,096bae8a-b448-52a4-b11b-94f573db47d7,"Faculty intervention scheduled: mentoring, attendance follow-up and course support recommended.",True,2026-09-03 10:00:00
ef3180ba-6922-4c98-b81f-1177d0e81d69,6b1dadad-96c2-49f5-84a4-8c090c6ca578,c8e42f25-4acd-5f8b-8bce-f0cab27cc71f,0.73,HIGH,Low Cumulative CGPA & Assignment Delays,"{""attendance_pct"": -0.2, ""midterm_marks"": -0.35, ""assignment_submission_delay"": -0.15}",2026-09-10 18:10:04.34034,e22bf2b6-38c3-5617-9c4a-0acd181581d6,,False,
477c7e2f-7a4e-4b92-a86c-3782e7bf7a19,5a180a68-54be-4b6c-af4b-9c4072b7383b,817d9a6f-e405-58f8-991b-373c31bd4e25,0.78,HIGH,Low Cumulative CGPA & Assignment Delays,"{""attendance_pct"": -0.2, ""midterm_marks"": -0.35, ""assignment_submission_delay"": -0.15}",2026-09-10 18:10:04.34034,e22bf2b6-38c3-5617-9c4a-0acd181581d6,,False,
8a7aa47b-6209-47bb-95df-4de10eb814b5,b294feb3-9edd-4130-aa19-51ab3620f741,5297007a-130e-5341-af7a-4e9027c2dadf,0.9,CRITICAL,Low Class Attendance & Midterm Scores,"{""attendance_pct"": -0.45, ""midterm_marks"": -0.15, ""assignment_submission_delay"": -0.15}",2026-09-10 18:10:04.34034,e22bf2b6-38c3-5617-9c4a-0acd181581d6,,False,
85bf3061-fdd5-4c4d-9db9-08c42702e44a,dd718e4e-5783-46d7-993d-657fc25b4bc1,c8e42f25-4acd-5f8b-8bce-f0cab27cc71f,0.89,CRITICAL,Low Class Attendance & Midterm Scores,"{""attendance_pct"": -0.45, ""midterm_marks"": -0.15, ""assignment_submission_delay"": -0.15}",2026-09-10 18:10:04.34034,be990cb0-426f-5d38-9745-d477c185f5eb,"Faculty intervention scheduled: mentoring, attendance follow-up and course support recommended.",True,2026-09-03 10:00:00
78efd19e-c6d4-44c4-bb6d-3e025237d276,3ff7a083-bbb8-4966-a9a1-1124f6072d27,730c5632-33dc-5e69-a798-6135043a47aa,0.8,HIGH,Low Cumulative CGPA & Assignment Delays,"{""attendance_pct"": -0.2, ""midterm_marks"": -0.35, ""assignment_submission_delay"": -0.15}",2026-09-10 18:10:04.34034,e22bf2b6-38c3-5617-9c4a-0acd181581d6,,False,
4a99815f-9e0a-48f1-88b5-2d8a2347ac59,ca37fdd3-d86c-4a59-be8b-20eb2ef37fca,29f10515-0a52-55f4-896b-fa882e11e38e,0.86,CRITICAL,Low Cumulative CGPA & Assignment Delays,"{""attendance_pct"": -0.2, ""midterm_marks"": -0.35, ""assignment_submission_delay"": -0.15}",2026-09-10 18:10:04.34034,be990cb0-426f-5d38-9745-d477c185f5eb,"Faculty intervention scheduled: mentoring, attendance follow-up and course support recommended.",True,2026-09-03 10:00:00
b60208c8-2666-4229-8b59-2e98af4b2731,9877e6b1-3dbd-4639-9554-23724ee2c71d,d9518e1b-06ba-5f43-b6b9-67d017eaae5d,0.88,CRITICAL,Low Class Attendance & Midterm Scores,"{""attendance_pct"": -0.45, ""midterm_marks"": -0.15, ""assignment_submission_delay"": -0.15}",2026-09-10 18:10:04.34034,3a618d80-06ca-5715-898b-c91424935f9c,"Faculty intervention scheduled: mentoring, attendance follow-up and course support recommended.",True,2026-09-03 10:00:00
239811f9-f95e-45e6-82b7-2a16409c799f,a7e54863-172b-49ba-b337-e831cb190afc,2bc3bd90-0760-5d47-9467-5a5992c412e5,0.85,HIGH,Low Class Attendance & Midterm Scores,"{""attendance_pct"": -0.45, ""midterm_marks"": -0.15, ""assignment_submission_delay"": -0.15}",2026-09-10 18:10:04.34034,15ca48fc-df67-512c-815e-c085107e9c59,"Faculty intervention scheduled: mentoring, attendance follow-up and course support recommended.",True,2026-09-03 10:00:00
5b2f6312-d5fb-428f-a738-b6c0a7c1af18,6084b88e-7a2a-41e6-9c65-b0272b99019d,325f5f11-db40-5f00-816d-d66357e36c70,0.79,HIGH,Low Class Attendance & Midterm Scores,"{""attendance_pct"": -0.45, ""midterm_marks"": -0.15, ""assignment_submission_delay"": -0.15}",2026-09-10 18:10:04.34034,3a618d80-06ca-5715-898b-c91424935f9c,,False,
44bb7883-c363-43e8-b8d4-5e789d8a8910,67319a27-1f17-45dd-9c7b-047d2b7b4bd5,c697ab81-ffed-5fa6-9b51-be0954571d20,0.92,CRITICAL,Low Cumulative CGPA & Assignment Delays,"{""attendance_pct"": -0.2, ""midterm_marks"": -0.35, ""assignment_submission_delay"": -0.15}",2026-09-10 18:10:04.34034,15ca48fc-df67-512c-815e-c085107e9c59,"Faculty intervention scheduled: mentoring, attendance follow-up and course support recommended.",True,2026-09-03 10:00:00
9915c28b-783e-480d-bfb2-60c581e09998,ce7c0672-b2c4-47ee-a04c-b9c605806d05,5ceb5573-0231-5d70-848b-193fcfdb644c,0.77,HIGH,Low Class Attendance & Midterm Scores,"{""attendance_pct"": -0.45, ""midterm_marks"": -0.15, ""assignment_submission_delay"": -0.15}",2026-09-10 18:10:04.34034,e22bf2b6-38c3-5617-9c4a-0acd181581d6,"Faculty intervention scheduled: mentoring, attendance follow-up and course support recommended.",True,2026-09-03 10:00:00
c55bec0e-423c-44c5-a7c8-6707bd060a5d,02eb3988-d904-491b-a8f0-624840cdfd5b,730c5632-33dc-5e69-a798-6135043a47aa,0.87,CRITICAL,Low Cumulative CGPA & Assignment Delays,"{""attendance_pct"": -0.2, ""midterm_marks"": -0.15, ""assignment_submission_delay"": -0.15}",2026-09-10 18:10:04.34034,15ca48fc-df67-512c-815e-c085107e9c59,"Faculty intervention scheduled: mentoring, attendance follow-up and course support recommended.",True,2026-09-03 10:00:00
11843029-cc75-4f47-9637-f13f85e4768b,183ec393-673a-4381-a789-805b44ed63d0,5297007a-130e-5341-af7a-4e9027c2dadf,0.91,CRITICAL,Low Class Attendance & Midterm Scores,"{""attendance_pct"": -0.45, ""midterm_marks"": -0.15, ""assignment_submission_delay"": -0.15}",2026-09-10 18:10:04.34034,3a618d80-06ca-5715-898b-c91424935f9c,"Faculty intervention scheduled: mentoring, attendance follow-up and course support recommended.",True,2026-09-03 10:00:00
e97fa92e-efac-4c22-8228-be3b3180aa2b,40a61690-bf42-4f59-b592-9457a1d8c464,539f9c66-84f9-5b19-943a-cb15d62bbc33,0.81,HIGH,Low Cumulative CGPA & Assignment Delays,"{""attendance_pct"": -0.2, ""midterm_marks"": -0.35, ""assignment_submission_delay"": -0.15}",2026-09-10 18:10:04.34034,b84eb5f1-c2a0-59d4-9839-df45cf02a21f,"Faculty intervention scheduled: mentoring, attendance follow-up and course support recommended.",True,2026-09-03 10:00:00
b130c79c-2ad3-4da7-94d2-0d17811a5c05,67c69404-4b2a-40a7-b081-d7b9858c2021,005078bd-c539-5c44-a631-7e7dd9fb778c,0.85,HIGH,Low Class Attendance & Midterm Scores,"{""attendance_pct"": -0.45, ""midterm_marks"": -0.15, ""assignment_submission_delay"": -0.15}",2026-09-10 18:10:04.34034,d800e811-1ab0-565d-8548-728e67072757,,False,
278974a2-7765-4e39-b872-8e61331269a4,f0b5b045-aa4c-4d6f-a659-650cbaaecb75,40d412e8-fc3b-5972-8ff2-90b35de8a2d3,0.86,CRITICAL,Low Class Attendance & Midterm Scores,"{""attendance_pct"": -0.45, ""midterm_marks"": -0.15, ""assignment_submission_delay"": -0.15}",2026-09-10 18:10:04.34034,aea15467-f034-51f8-bc1b-18594762d5ce,"Faculty intervention scheduled: mentoring, attendance follow-up and course support recommended.",True,2026-09-03 10:00:00
70be4375-4b8a-4110-869d-c48c0594ee36,800dadeb-a4b5-4ab3-91c8-1725ae3fdb6b,d9518e1b-06ba-5f43-b6b9-67d017eaae5d,0.77,HIGH,Low Class Attendance & Midterm Scores,"{""attendance_pct"": -0.45, ""midterm_marks"": -0.15, ""assignment_submission_delay"": -0.15}",2026-09-10 18:10:04.34034,d0409be6-f753-5863-8426-94a84553a16e,"Faculty intervention scheduled: mentoring, attendance follow-up and course support recommended.",True,2026-09-03 10:00:00
f9a9004b-003d-4a75-8a6f-135bffe4422f,f28b955e-3429-4554-805f-6ae433c26064,a71f945b-22bf-5921-85a0-cb1acd7cb2e6,0.92,CRITICAL,Low Cumulative CGPA & Assignment Delays,"{""attendance_pct"": -0.2, ""midterm_marks"": -0.15, ""assignment_submission_delay"": -0.15}",2026-09-10 18:10:04.34034,b84eb5f1-c2a0-59d4-9839-df45cf02a21f,"Faculty intervention scheduled: mentoring, attendance follow-up and course support recommended.",True,2026-09-03 10:00:00
928dc0fd-4083-431c-8eb2-f93f916433f3,916ca084-1eb5-4387-ba35-a130d7dac3b2,cc6bfe47-d156-5f3c-a0a6-64be53ff1202,0.87,CRITICAL,Low Cumulative CGPA & Assignment Delays,"{""attendance_pct"": -0.2, ""midterm_marks"": -0.15, ""assignment_submission_delay"": -0.15}",2026-09-10 18:10:04.34034,c21ecdfa-6821-58f3-80ad-01ad42723c64,,False,
57e5ca7f-776a-4a14-976b-9fa604c77c16,ddc1ce58-cacc-42f1-882c-389ba58f04cb,005078bd-c539-5c44-a631-7e7dd9fb778c,0.91,CRITICAL,Low Cumulative CGPA & Assignment Delays,"{""attendance_pct"": -0.2, ""midterm_marks"": -0.15, ""assignment_submission_delay"": -0.15}",2026-09-10 18:10:04.34034,096bae8a-b448-52a4-b11b-94f573db47d7,,False,
a2b84079-ddb7-41c8-850d-e307dc5b9f38,9f894961-776e-479d-84be-0e3d363df6a6,c8e42f25-4acd-5f8b-8bce-f0cab27cc71f,0.8,HIGH,Low Class Attendance & Midterm Scores,"{""attendance_pct"": -0.45, ""midterm_marks"": -0.15, ""assignment_submission_delay"": -0.15}",2026-09-10 18:10:04.34034,d0409be6-f753-5863-8426-94a84553a16e,"Faculty intervention scheduled: mentoring, attendance follow-up and course support recommended.",True,2026-09-03 10:00:00
3b647d8f-15b3-4814-9006-5a9bf89e2788,c8004dfb-cc97-43b7-a424-323e26ee3428,f27d152a-f613-51a3-aea8-0506e5d24c3a,0.88,CRITICAL,Low Class Attendance & Midterm Scores,"{""attendance_pct"": -0.45, ""midterm_marks"": -0.15, ""assignment_submission_delay"": -0.15}",2026-09-10 18:10:04.34034,d0409be6-f753-5863-8426-94a84553a16e,"Faculty intervention scheduled: mentoring, attendance follow-up and course support recommended.",True,2026-09-03 10:00:00
167d8639-4608-4f4e-b87a-37aec22288c2,ae34df1d-486b-46c6-8cd7-a3b2834ecc3d,21e87180-7538-5689-922d-8889674702ed,0.74,HIGH,Low Class Attendance & Midterm Scores,"{""attendance_pct"": -0.45, ""midterm_marks"": -0.15, ""assignment_submission_delay"": -0.15}",2026-09-10 18:10:04.34034,aea15467-f034-51f8-bc1b-18594762d5ce,"Faculty intervention scheduled: mentoring, attendance follow-up and course support recommended.",True,2026-09-03 10:00:00
b02d7339-eaab-4937-a238-2be46b755870,5f59f791-a34e-4457-af51-b0662d210849,40d412e8-fc3b-5972-8ff2-90b35de8a2d3,0.94,CRITICAL,Low Class Attendance & Midterm Scores,"{""attendance_pct"": -0.45, ""midterm_marks"": -0.15, ""assignment_submission_delay"": -0.15}",2026-09-10 18:10:04.34034,15ca48fc-df67-512c-815e-c085107e9c59,,False,
f4519f9c-141e-4a58-b040-fc2c075eeb12,269f24b3-58ce-47dd-8a6b-7b68527d99f2,c8e42f25-4acd-5f8b-8bce-f0cab27cc71f,0.92,CRITICAL,Low Cumulative CGPA & Assignment Delays,"{""attendance_pct"": -0.2, ""midterm_marks"": -0.35, ""assignment_submission_delay"": -0.15}",2026-09-10 18:10:04.34034,aea15467-f034-51f8-bc1b-18594762d5ce,,False,
2d55588b-1846-425e-86bf-1d1be528ee79,6c92b071-a3aa-401f-84fa-f2275669aeb2,945cbb28-3a50-5ed1-8e70-c416ee3f92f0,0.73,HIGH,Low Class Attendance & Midterm Scores,"{""attendance_pct"": -0.45, ""midterm_marks"": -0.35, ""assignment_submission_delay"": -0.15}",2026-09-10 18:10:04.34034,c21ecdfa-6821-58f3-80ad-01ad42723c64,,False,
0f1491eb-3d3c-4e7a-8985-9cea77b7e818,3b3fdffb-6af2-46f9-88b1-6e99ab653022,2bc3bd90-0760-5d47-9467-5a5992c412e5,0.79,HIGH,Low Class Attendance & Midterm Scores,"{""attendance_pct"": -0.45, ""midterm_marks"": -0.15, ""assignment_submission_delay"": -0.15}",2026-09-10 18:10:04.34034,15ca48fc-df67-512c-815e-c085107e9c59,"Faculty intervention scheduled: mentoring, attendance follow-up and course support recommended.",True,2026-09-03 10:00:00
87443ba2-ad9c-4adb-93f1-a5739fc01086,96d09d25-1c92-457e-9c46-159b94f29993,5297007a-130e-5341-af7a-4e9027c2dadf,0.72,HIGH,Low Class Attendance & Midterm Scores,"{""attendance_pct"": -0.45, ""midterm_marks"": -0.15, ""assignment_submission_delay"": -0.15}",2026-09-10 18:10:04.34034,c21ecdfa-6821-58f3-80ad-01ad42723c64,"Faculty intervention scheduled: mentoring, attendance follow-up and course support recommended.",True,2026-09-03 10:00:00
2c6b8444-9e6f-4af0-b721-15e3c169f761,f2953372-100a-4fc5-9f90-f6d0ea7baafb,c8e42f25-4acd-5f8b-8bce-f0cab27cc71f,0.87,CRITICAL,Low Class Attendance & Midterm Scores,"{""attendance_pct"": -0.45, ""midterm_marks"": -0.15, ""assignment_submission_delay"": -0.15}",2026-09-10 18:10:04.34034,15ca48fc-df67-512c-815e-c085107e9c59,"Faculty intervention scheduled: mentoring, attendance follow-up and course support recommended.",True,2026-09-03 10:00:00
8ffc9a43-3ef0-4eb5-93e2-58a78209d59d,f350ea56-aef4-46f6-94ab-ce5a6df2bcaa,817d9a6f-e405-58f8-991b-373c31bd4e25,0.78,HIGH,Low Cumulative CGPA & Assignment Delays,"{""attendance_pct"": -0.2, ""midterm_marks"": -0.15, ""assignment_submission_delay"": -0.15}",2026-09-10 18:10:04.34034,d800e811-1ab0-565d-8548-728e67072757,"Faculty intervention scheduled: mentoring, attendance follow-up and course support recommended.",True,2026-09-03 10:00:00
24ec4b98-8c24-4a59-8223-1ac0603c6d08,41e1c0f7-00cd-434f-b6b7-c3dfda299dec,c697ab81-ffed-5fa6-9b51-be0954571d20,0.84,HIGH,Low Class Attendance & Midterm Scores,"{""attendance_pct"": -0.45, ""midterm_marks"": -0.15, ""assignment_submission_delay"": -0.15}",2026-09-10 18:10:04.34034,a4aa6329-cf7f-5e3f-958c-df3fbeeac2f0,"Faculty intervention scheduled: mentoring, attendance follow-up and course support recommended.",True,2026-09-03 10:00:00
22649699-b7a1-4341-9b61-958542ad7687,785d959e-1fcb-4e0b-80ac-961a576e2de7,21e87180-7538-5689-922d-8889674702ed,0.93,CRITICAL,Low Cumulative CGPA & Assignment Delays,"{""attendance_pct"": -0.2, ""midterm_marks"": -0.35, ""assignment_submission_delay"": -0.15}",2026-09-10 18:10:04.34034,d800e811-1ab0-565d-8548-728e67072757,"Faculty intervention scheduled: mentoring, attendance follow-up and course support recommended.",True,2026-09-03 10:00:00
c5aaaf5f-e581-4e1f-b679-8bb07be28404,7e1c7acb-1e20-44c4-ab78-3b91209ab38c,730c5632-33dc-5e69-a798-6135043a47aa,0.79,HIGH,Low Cumulative CGPA & Assignment Delays,"{""attendance_pct"": -0.2, ""midterm_marks"": -0.35, ""assignment_submission_delay"": -0.15}",2026-09-10 18:10:04.34034,b84eb5f1-c2a0-59d4-9839-df45cf02a21f,,False,
5aa34537-4a9d-4984-a40e-5dd98be205e3,5c907dfe-123e-4053-824b-ed3ad306b3aa,a71f945b-22bf-5921-85a0-cb1acd7cb2e6,0.77,HIGH,Low Cumulative CGPA & Assignment Delays,"{""attendance_pct"": -0.2, ""midterm_marks"": -0.15, ""assignment_submission_delay"": -0.15}",2026-09-10 18:10:04.34034,d800e811-1ab0-565d-8548-728e67072757,"Faculty intervention scheduled: mentoring, attendance follow-up and course support recommended.",True,2026-09-03 10:00:00
07c5b867-db16-45f6-b516-24340424f41e,286568cd-4515-4b98-992b-00e46c8c836c,005078bd-c539-5c44-a631-7e7dd9fb778c,0.84,HIGH,Low Class Attendance & Midterm Scores,"{""attendance_pct"": -0.45, ""midterm_marks"": -0.15, ""assignment_submission_delay"": -0.15}",2026-09-10 18:10:04.34034,096bae8a-b448-52a4-b11b-94f573db47d7,"Faculty intervention scheduled: mentoring, attendance follow-up and course support recommended.",True,2026-09-03 10:00:00
7c226f5e-04a0-468f-8627-014ee7499a54,74a9e869-de7e-4294-a9db-43bf84ddaf50,a71f945b-22bf-5921-85a0-cb1acd7cb2e6,0.78,HIGH,Low Cumulative CGPA & Assignment Delays,"{""attendance_pct"": -0.2, ""midterm_marks"": -0.15, ""assignment_submission_delay"": -0.15}",2026-09-10 18:10:04.34034,a4aa6329-cf7f-5e3f-958c-df3fbeeac2f0,"Faculty intervention scheduled: mentoring, attendance follow-up and course support recommended.",True,2026-09-03 10:00:00
19236900-c323-45f5-b700-718f1e8d97a9,f019617f-cd5c-4e91-bca2-900a999cc88d,40d412e8-fc3b-5972-8ff2-90b35de8a2d3,0.94,CRITICAL,Low Class Attendance & Midterm Scores,"{""attendance_pct"": -0.45, ""midterm_marks"": -0.15, ""assignment_submission_delay"": -0.15}",2026-09-10 18:10:04.34034,a4aa6329-cf7f-5e3f-958c-df3fbeeac2f0,,False,
76ac1511-cc18-4baa-b4f1-1a1be347828e,1f2799e2-b7a3-43e0-96af-278ded92706b,817d9a6f-e405-58f8-991b-373c31bd4e25,0.81,HIGH,Low Class Attendance & Midterm Scores,"{""attendance_pct"": -0.45, ""midterm_marks"": -0.15, ""assignment_submission_delay"": -0.15}",2026-09-10 18:10:04.34034,d800e811-1ab0-565d-8548-728e67072757,"Faculty intervention scheduled: mentoring, attendance follow-up and course support recommended.",True,2026-09-03 10:00:00
19ff19e9-3eec-4723-af83-fa6b07fa1588,b9fcac30-d6a3-4ac4-95a0-b316aff02fca,730c5632-33dc-5e69-a798-6135043a47aa,0.72,HIGH,Low Cumulative CGPA & Assignment Delays,"{""attendance_pct"": -0.2, ""midterm_marks"": -0.35, ""assignment_submission_delay"": -0.15}",2026-09-10 18:10:04.34034,be990cb0-426f-5d38-9745-d477c185f5eb,"Faculty intervention scheduled: mentoring, attendance follow-up and course support recommended.",True,2026-09-03 10:00:00
c49cf6bc-a248-4945-a593-4bca0262e0a8,221669e9-e71e-4825-af5b-d1b515e49a44,40d412e8-fc3b-5972-8ff2-90b35de8a2d3,0.93,CRITICAL,Low Cumulative CGPA & Assignment Delays,"{""attendance_pct"": -0.2, ""midterm_marks"": -0.15, ""assignment_submission_delay"": -0.15}",2026-09-10 18:10:04.34034,a4aa6329-cf7f-5e3f-958c-df3fbeeac2f0,"Faculty intervention scheduled: mentoring, attendance follow-up and course support recommended.",True,2026-09-03 10:00:00
dcd5fa7f-063e-42a9-9061-b75be7f96e5b,47f0954e-0841-4647-a4b4-a4d0147ce704,29f10515-0a52-55f4-896b-fa882e11e38e,0.86,CRITICAL,Low Cumulative CGPA & Assignment Delays,"{""attendance_pct"": -0.2, ""midterm_marks"": -0.15, ""assignment_submission_delay"": -0.15}",2026-09-10 18:10:04.34034,096bae8a-b448-52a4-b11b-94f573db47d7,,False,
c50cbe05-8013-4bae-a26c-417d3cd83835,c2343790-a522-4aa3-bd65-e16ef8cc7f5f,21e87180-7538-5689-922d-8889674702ed,0.87,CRITICAL,Low Cumulative CGPA & Assignment Delays,"{""attendance_pct"": -0.2, ""midterm_marks"": -0.35, ""assignment_submission_delay"": -0.15}",2026-09-10 18:10:04.34034,aea15467-f034-51f8-bc1b-18594762d5ce,"Faculty intervention scheduled: mentoring, attendance follow-up and course support recommended.",True,2026-09-03 10:00:00
d1f5b62b-d201-4340-bf39-100650995f0d,3e46d505-2fd9-47ff-b13c-80a943f9d246,2bc3bd90-0760-5d47-9467-5a5992c412e5,0.86,CRITICAL,Low Cumulative CGPA & Assignment Delays,"{""attendance_pct"": -0.2, ""midterm_marks"": -0.15, ""assignment_submission_delay"": -0.15}",2026-09-10 18:10:04.34034,e22bf2b6-38c3-5617-9c4a-0acd181581d6,"Faculty intervention scheduled: mentoring, attendance follow-up and course support recommended.",True,2026-09-03 10:00:00
dde4a306-86fb-47fc-8320-e1a1ddafe406,5a1ff57d-2c6f-414a-b722-c75ae5809c57,f8b6ad01-594d-5e52-b325-ed9eb13211e1,0.74,HIGH,Low Cumulative CGPA & Assignment Delays,"{""attendance_pct"": -0.2, ""midterm_marks"": -0.35, ""assignment_submission_delay"": -0.15}",2026-09-10 18:10:04.34034,d0409be6-f753-5863-8426-94a84553a16e,"Faculty intervention scheduled: mentoring, attendance follow-up and course support recommended.",True,2026-09-03 10:00:00
e28405b4-fbe6-4371-bb82-cd868784b2a7,c5149802-6951-4f24-b992-76cf15931c2c,cc6bfe47-d156-5f3c-a0a6-64be53ff1202,0.74,HIGH,Low Class Attendance & Midterm Scores,"{""attendance_pct"": -0.45, ""midterm_marks"": -0.15, ""assignment_submission_delay"": -0.15}",2026-09-10 18:10:04.34034,b84eb5f1-c2a0-59d4-9839-df45cf02a21f,,False,
2b47a771-71c0-452e-b480-f7f37f7d4088,4f761a64-3631-4af4-a20d-f87e0df2b162,f27d152a-f613-51a3-aea8-0506e5d24c3a,0.95,CRITICAL,Low Cumulative CGPA & Assignment Delays,"{""attendance_pct"": -0.2, ""midterm_marks"": -0.15, ""assignment_submission_delay"": -0.15}",2026-09-10 18:10:04.34034,fe5c93f6-e5a4-508d-aa3d-61d3961e79b6,,False,
44a5bb38-1ada-4e89-9e06-df376d5faa70,deb6a728-497e-4877-a2b7-ded660d752c7,539f9c66-84f9-5b19-943a-cb15d62bbc33,0.79,HIGH,Low Class Attendance & Midterm Scores,"{""attendance_pct"": -0.45, ""midterm_marks"": -0.15, ""assignment_submission_delay"": -0.15}",2026-09-10 18:10:04.34034,aea15467-f034-51f8-bc1b-18594762d5ce,,False,
96ae0178-1d2e-4cd6-9cee-105897450bd8,3b50e299-3d7d-4930-b4cf-92592a695386,d9518e1b-06ba-5f43-b6b9-67d017eaae5d,0.85,HIGH,Low Class Attendance & Midterm Scores,"{""attendance_pct"": -0.45, ""midterm_marks"": -0.15, ""assignment_submission_delay"": -0.15}",2026-09-10 18:10:04.34034,a4aa6329-cf7f-5e3f-958c-df3fbeeac2f0,"Faculty intervention scheduled: mentoring, attendance follow-up and course support recommended.",True,2026-09-03 10:00:00
7610b2fc-42e7-4f91-bfd0-ce4e821e45f7,7009dd67-2d82-4309-871c-9ee5d5471bba,29f10515-0a52-55f4-896b-fa882e11e38e,0.8,HIGH,Low Cumulative CGPA & Assignment Delays,"{""attendance_pct"": -0.2, ""midterm_marks"": -0.15, ""assignment_submission_delay"": -0.15}",2026-09-10 18:10:04.34034,a4aa6329-cf7f-5e3f-958c-df3fbeeac2f0,,False,
1d0203ea-93e9-4990-bd77-2f7a9d1128dd,eb7d525d-e602-43a2-a132-5005c5eee06f,29f10515-0a52-55f4-896b-fa882e11e38e,0.82,HIGH,Low Class Attendance & Midterm Scores,"{""attendance_pct"": -0.45, ""midterm_marks"": -0.35, ""assignment_submission_delay"": -0.15}",2026-09-10 18:10:04.34034,c21ecdfa-6821-58f3-80ad-01ad42723c64,,False,
b75e8bc5-fabc-4107-970c-67b9f893f43b,0ac4a5d8-ced1-42e6-889b-61b7901fda17,a71f945b-22bf-5921-85a0-cb1acd7cb2e6,0.91,CRITICAL,Low Class Attendance & Midterm Scores,"{""attendance_pct"": -0.45, ""midterm_marks"": -0.15, ""assignment_submission_delay"": -0.15}",2026-09-10 18:10:04.34034,15ca48fc-df67-512c-815e-c085107e9c59,,False,
c70a74e1-0dad-4e24-a9f4-c18531c44209,ea142c35-3cec-4625-b65a-5b6aa4a7a9cb,29f10515-0a52-55f4-896b-fa882e11e38e,0.88,CRITICAL,Low Cumulative CGPA & Assignment Delays,"{""attendance_pct"": -0.2, ""midterm_marks"": -0.35, ""assignment_submission_delay"": -0.15}",2026-09-10 18:10:04.34034,3a618d80-06ca-5715-898b-c91424935f9c,"Faculty intervention scheduled: mentoring, attendance follow-up and course support recommended.",True,2026-09-03 10:00:00
f3b0d64a-704d-409b-b6d7-a9eb72a51138,c40becf1-91bf-4a2a-b34c-3d8bc29c80bb,c8e42f25-4acd-5f8b-8bce-f0cab27cc71f,0.88,CRITICAL,Low Cumulative CGPA & Assignment Delays,"{""attendance_pct"": -0.2, ""midterm_marks"": -0.35, ""assignment_submission_delay"": -0.15}",2026-09-10 18:10:04.34034,a4aa6329-cf7f-5e3f-958c-df3fbeeac2f0,,False,
b87ead10-2731-4a50-b35b-1f2783ceb7b9,e48e6ce2-dd6c-4fe7-91a5-eba6b6bd31f7,29f10515-0a52-55f4-896b-fa882e11e38e,0.74,HIGH,Low Class Attendance & Midterm Scores,"{""attendance_pct"": -0.45, ""midterm_marks"": -0.35, ""assignment_submission_delay"": -0.15}",2026-09-10 18:10:04.34034,15ca48fc-df67-512c-815e-c085107e9c59,,False,
7b87380c-7837-4b32-8416-f1861c815086,00945885-749b-4ef7-9f59-3864e5dfa358,005078bd-c539-5c44-a631-7e7dd9fb778c,0.9,CRITICAL,Low Cumulative CGPA & Assignment Delays,"{""attendance_pct"": -0.2, ""midterm_marks"": -0.35, ""assignment_submission_delay"": -0.15}",2026-09-10 18:10:04.34034,d0409be6-f753-5863-8426-94a84553a16e,,False,
f40149fa-d7ce-40b6-9ac5-91f5b6fd57ea,b14da601-b100-4c3b-abb3-88ca6578c883,817d9a6f-e405-58f8-991b-373c31bd4e25,0.73,HIGH,Low Class Attendance & Midterm Scores,"{""attendance_pct"": -0.45, ""midterm_marks"": -0.15, ""assignment_submission_delay"": -0.15}",2026-09-10 18:10:04.34034,d0409be6-f753-5863-8426-94a84553a16e,,False,
0f2a701d-4417-4532-9ce1-95a49bd95041,399c79d2-27a8-4ef3-b025-98cb1f0d5f46,730c5632-33dc-5e69-a798-6135043a47aa,0.92,CRITICAL,Low Class Attendance & Midterm Scores,"{""attendance_pct"": -0.45, ""midterm_marks"": -0.15, ""assignment_submission_delay"": -0.15}",2026-09-10 18:10:04.34034,c21ecdfa-6821-58f3-80ad-01ad42723c64,"Faculty intervention scheduled: mentoring, attendance follow-up and course support recommended.",True,2026-09-03 10:00:00
5c3249e7-86d6-4fce-953e-6046df807bc0,73c2061a-8b3f-4250-8ac4-74a9926b0a9d,730c5632-33dc-5e69-a798-6135043a47aa,0.93,CRITICAL,Low Cumulative CGPA & Assignment Delays,"{""attendance_pct"": -0.2, ""midterm_marks"": -0.35, ""assignment_submission_delay"": -0.15}",2026-09-10 18:10:04.34034,b84eb5f1-c2a0-59d4-9839-df45cf02a21f,,False,
e06e8568-27f2-4d38-ae9b-50f1573f42a7,d371b3f7-6b2e-4135-8234-c95a5246b3af,5ceb5573-0231-5d70-848b-193fcfdb644c,0.9,CRITICAL,Low Class Attendance & Midterm Scores,"{""attendance_pct"": -0.45, ""midterm_marks"": -0.15, ""assignment_submission_delay"": -0.15}",2026-09-10 18:10:04.34034,d800e811-1ab0-565d-8548-728e67072757,,False,
a0742166-5e5d-477c-9b92-8051d561bff9,2789c6bd-2239-4dc8-8346-86bb12f58d2a,2bc3bd90-0760-5d47-9467-5a5992c412e5,0.95,CRITICAL,Low Cumulative CGPA & Assignment Delays,"{""attendance_pct"": -0.2, ""midterm_marks"": -0.35, ""assignment_submission_delay"": -0.15}",2026-09-10 18:10:04.34034,3a618d80-06ca-5715-898b-c91424935f9c,,False,
7c58658c-a583-4bc3-ba60-8168dec11f79,1c02eec3-48fc-4602-9e21-1d3e6895c60b,945cbb28-3a50-5ed1-8e70-c416ee3f92f0,0.73,HIGH,Low Cumulative CGPA & Assignment Delays,"{""attendance_pct"": -0.2, ""midterm_marks"": -0.35, ""assignment_submission_delay"": -0.15}",2026-09-10 18:10:04.34034,b84eb5f1-c2a0-59d4-9839-df45cf02a21f,"Faculty intervention scheduled: mentoring, attendance follow-up and course support recommended.",True,2026-09-03 10:00:00
57b08f18-388f-4b21-8365-9742f9fc3fbe,a6618650-e98f-4389-8f8c-6c32d4b35c31,c8e42f25-4acd-5f8b-8bce-f0cab27cc71f,0.95,CRITICAL,Low Class Attendance & Midterm Scores,"{""attendance_pct"": -0.45, ""midterm_marks"": -0.15, ""assignment_submission_delay"": -0.15}",2026-09-10 18:10:04.34034,c21ecdfa-6821-58f3-80ad-01ad42723c64,"Faculty intervention scheduled: mentoring, attendance follow-up and course support recommended.",True,2026-09-03 10:00:00
851e7371-37df-4b11-9c65-f0383764eb7c,8d60926e-7f4c-4388-ab1f-e336df9a4a4e,21e87180-7538-5689-922d-8889674702ed,0.86,CRITICAL,Low Cumulative CGPA & Assignment Delays,"{""attendance_pct"": -0.2, ""midterm_marks"": -0.15, ""assignment_submission_delay"": -0.15}",2026-09-10 18:10:04.34034,fe5c93f6-e5a4-508d-aa3d-61d3961e79b6,,False,
032cc4da-91c9-4668-b051-b62a589d8ddb,7e1364fd-7dde-441d-8ba7-0947e5232737,5297007a-130e-5341-af7a-4e9027c2dadf,0.91,CRITICAL,Low Cumulative CGPA & Assignment Delays,"{""attendance_pct"": -0.2, ""midterm_marks"": -0.35, ""assignment_submission_delay"": -0.15}",2026-09-10 18:10:04.34034,096bae8a-b448-52a4-b11b-94f573db47d7,"Faculty intervention scheduled: mentoring, attendance follow-up and course support recommended.",True,2026-09-03 10:00:00
a2e5a695-0137-453c-8b96-fbfb1676c68b,cadf39c2-ac07-4319-8d15-5a772c56fd46,29f10515-0a52-55f4-896b-fa882e11e38e,0.88,CRITICAL,Low Cumulative CGPA & Assignment Delays,"{""attendance_pct"": -0.2, ""midterm_marks"": -0.35, ""assignment_submission_delay"": -0.15}",2026-09-10 18:10:04.34034,15ca48fc-df67-512c-815e-c085107e9c59,"Faculty intervention scheduled: mentoring, attendance follow-up and course support recommended.",True,2026-09-03 10:00:00
1d5e267a-67ee-47b5-8449-5d9b38aec804,8dbcc77d-3cd7-44c5-a33f-06c8eef3e820,859db046-894d-53cc-8cb4-3643d0c7f1fe,0.85,HIGH,Low Class Attendance & Midterm Scores,"{""attendance_pct"": -0.45, ""midterm_marks"": -0.15, ""assignment_submission_delay"": -0.15}",2026-09-10 18:10:04.34034,d0409be6-f753-5863-8426-94a84553a16e,,False,
28c47375-b63a-4d13-9768-440a16ced420,4386fcdb-3519-4874-9281-8aac1945fbd1,945cbb28-3a50-5ed1-8e70-c416ee3f92f0,0.72,HIGH,Low Class Attendance & Midterm Scores,"{""attendance_pct"": -0.45, ""midterm_marks"": -0.15, ""assignment_submission_delay"": -0.15}",2026-09-10 18:10:04.34034,c21ecdfa-6821-58f3-80ad-01ad42723c64,"Faculty intervention scheduled: mentoring, attendance follow-up and course support recommended.",True,2026-09-03 10:00:00
802f547e-b10b-4ebb-86c8-23e0b825de17,9f4f4382-b43c-43f7-afd6-7f42cc95e525,29f10515-0a52-55f4-896b-fa882e11e38e,0.9,CRITICAL,Low Cumulative CGPA & Assignment Delays,"{""attendance_pct"": -0.2, ""midterm_marks"": -0.35, ""assignment_submission_delay"": -0.15}",2026-09-10 18:10:04.34034,3a618d80-06ca-5715-898b-c91424935f9c,,False,
f895c76a-a15a-4559-b36d-43741c555999,f6b78c99-0303-4774-8547-d43ef73ac4bb,817d9a6f-e405-58f8-991b-373c31bd4e25,0.73,HIGH,Low Cumulative CGPA & Assignment Delays,"{""attendance_pct"": -0.2, ""midterm_marks"": -0.35, ""assignment_submission_delay"": -0.15}",2026-09-10 18:10:04.34034,096bae8a-b448-52a4-b11b-94f573db47d7,"Faculty intervention scheduled: mentoring, attendance follow-up and course support recommended.",True,2026-09-03 10:00:00
b8776601-0b32-44ad-9f15-d245ac61c708,dbbe3465-694d-4fc3-8214-7195c6034655,29f10515-0a52-55f4-896b-fa882e11e38e,0.73,HIGH,Low Cumulative CGPA & Assignment Delays,"{""attendance_pct"": -0.2, ""midterm_marks"": -0.35, ""assignment_submission_delay"": -0.15}",2026-09-10 18:10:04.34034,aea15467-f034-51f8-bc1b-18594762d5ce,"Faculty intervention scheduled: mentoring, attendance follow-up and course support recommended.",True,2026-09-03 10:00:00
eb58eab6-9efe-43fe-aa25-12d786f651cc,ba709e3b-7a4f-49ed-a2b3-8f573f4f06e8,c8e42f25-4acd-5f8b-8bce-f0cab27cc71f,0.75,HIGH,Low Class Attendance & Midterm Scores,"{""attendance_pct"": -0.45, ""midterm_marks"": -0.15, ""assignment_submission_delay"": -0.15}",2026-09-10 18:10:04.34034,c21ecdfa-6821-58f3-80ad-01ad42723c64,"Faculty intervention scheduled: mentoring, attendance follow-up and course support recommended.",True,2026-09-03 10:00:00
cc242bce-6e6c-40e0-ab39-09ad8df6e505,92c83e9c-7805-4331-b1dc-5ae8d93f90c1,539f9c66-84f9-5b19-943a-cb15d62bbc33,0.93,CRITICAL,Low Class Attendance & Midterm Scores,"{""attendance_pct"": -0.45, ""midterm_marks"": -0.15, ""assignment_submission_delay"": -0.15}",2026-09-10 18:10:04.34034,096bae8a-b448-52a4-b11b-94f573db47d7,"Faculty intervention scheduled: mentoring, attendance follow-up and course support recommended.",True,2026-09-03 10:00:00
685e2bb4-4cb1-4122-a2db-d0ba2c4907d1,9f545a85-3bc1-482c-a992-727ba0d9e010,c8e42f25-4acd-5f8b-8bce-f0cab27cc71f,0.84,HIGH,Low Cumulative CGPA & Assignment Delays,"{""attendance_pct"": -0.2, ""midterm_marks"": -0.35, ""assignment_submission_delay"": -0.15}",2026-09-10 18:10:04.34034,d0409be6-f753-5863-8426-94a84553a16e,"Faculty intervention scheduled: mentoring, attendance follow-up and course support recommended.",True,2026-09-03 10:00:00
4464d0dc-4016-4531-a676-e9d6fae14b25,ed3cb4c4-51b8-4080-80b2-41dbfca48bad,f27d152a-f613-51a3-aea8-0506e5d24c3a,0.95,CRITICAL,Low Cumulative CGPA & Assignment Delays,"{""attendance_pct"": -0.2, ""midterm_marks"": -0.35, ""assignment_submission_delay"": -0.15}",2026-09-10 18:10:04.34034,fe5c93f6-e5a4-508d-aa3d-61d3961e79b6,,False,
bf64f5b7-0a7f-4ab6-bf38-d1443dbb884a,5c01ce5e-5490-466c-8049-69144542083b,f27d152a-f613-51a3-aea8-0506e5d24c3a,0.79,HIGH,Low Cumulative CGPA & Assignment Delays,"{""attendance_pct"": -0.2, ""midterm_marks"": -0.15, ""assignment_submission_delay"": -0.15}",2026-09-10 18:10:04.34034,d800e811-1ab0-565d-8548-728e67072757,"Faculty intervention scheduled: mentoring, attendance follow-up and course support recommended.",True,2026-09-03 10:00:00
defd3b25-412d-447b-9cc5-4d3f8315186a,de8b3d49-9000-4783-844d-7ec5a8748326,f8b6ad01-594d-5e52-b325-ed9eb13211e1,0.93,CRITICAL,Low Class Attendance & Midterm Scores,"{""attendance_pct"": -0.45, ""midterm_marks"": -0.15, ""assignment_submission_delay"": -0.15}",2026-09-10 18:10:04.34034,3a618d80-06ca-5715-898b-c91424935f9c,,False,
e2f73d5b-e8da-4bc5-ae8f-5aec5b49a641,bb8e640c-1366-4e43-90ab-77bf5c234dd3,5ceb5573-0231-5d70-848b-193fcfdb644c,0.79,HIGH,Low Cumulative CGPA & Assignment Delays,"{""attendance_pct"": -0.2, ""midterm_marks"": -0.35, ""assignment_submission_delay"": -0.15}",2026-09-10 18:10:04.34034,be990cb0-426f-5d38-9745-d477c185f5eb,,False,
29477e5a-1efa-4c01-84a0-d43c54ffd63d,9e56ef89-0c52-4e04-beff-14496aa1f6fa,730c5632-33dc-5e69-a798-6135043a47aa,0.94,CRITICAL,Low Cumulative CGPA & Assignment Delays,"{""attendance_pct"": -0.2, ""midterm_marks"": -0.15, ""assignment_submission_delay"": -0.15}",2026-09-10 18:10:04.34034,a4aa6329-cf7f-5e3f-958c-df3fbeeac2f0,"Faculty intervention scheduled: mentoring, attendance follow-up and course support recommended.",True,2026-09-03 10:00:00
692b3120-5077-4c44-91f4-88823c12df82,778578b6-1155-4bec-a488-eeb9e81ce5f1,859db046-894d-53cc-8cb4-3643d0c7f1fe,0.8,HIGH,Low Cumulative CGPA & Assignment Delays,"{""attendance_pct"": -0.2, ""midterm_marks"": -0.15, ""assignment_submission_delay"": -0.15}",2026-09-10 18:10:04.34034,3a618d80-06ca-5715-898b-c91424935f9c,"Faculty intervention scheduled: mentoring, attendance follow-up and course support recommended.",True,2026-09-03 10:00:00
39592ef9-6594-47d6-be5b-be421ef15fcd,2eea3025-aa4d-42d4-a953-41265cdda874,005078bd-c539-5c44-a631-7e7dd9fb778c,0.75,HIGH,Low Cumulative CGPA & Assignment Delays,"{""attendance_pct"": -0.2, ""midterm_marks"": -0.35, ""assignment_submission_delay"": -0.15}",2026-09-10 18:10:04.34034,3a618d80-06ca-5715-898b-c91424935f9c,"Faculty intervention scheduled: mentoring, attendance follow-up and course support recommended.",True,2026-09-03 10:00:00
eee875b4-f40c-47d9-8894-a35adaab6295,93e5f693-9a5d-499a-b901-3598de01014b,40d412e8-fc3b-5972-8ff2-90b35de8a2d3,0.84,HIGH,Low Class Attendance & Midterm Scores,"{""attendance_pct"": -0.45, ""midterm_marks"": -0.15, ""assignment_submission_delay"": -0.15}",2026-09-10 18:10:04.34034,e22bf2b6-38c3-5617-9c4a-0acd181581d6,"Faculty intervention scheduled: mentoring, attendance follow-up and course support recommended.",True,2026-09-03 10:00:00
2e24bf7a-08e3-415b-b38d-65b6e048a9fa,2ff85deb-17c4-4678-bbba-bef09bfbd6fd,40d412e8-fc3b-5972-8ff2-90b35de8a2d3,0.75,HIGH,Low Cumulative CGPA & Assignment Delays,"{""attendance_pct"": -0.2, ""midterm_marks"": -0.15, ""assignment_submission_delay"": -0.15}",2026-09-10 18:10:04.34034,096bae8a-b448-52a4-b11b-94f573db47d7,"Faculty intervention scheduled: mentoring, attendance follow-up and course support recommended.",True,2026-09-03 10:00:00
dc69288a-dcc2-4e0b-9991-db0decbab3f4,4e96ea77-5242-4382-898d-9f1cfb44a5e6,40d412e8-fc3b-5972-8ff2-90b35de8a2d3,0.95,CRITICAL,Low Cumulative CGPA & Assignment Delays,"{""attendance_pct"": -0.2, ""midterm_marks"": -0.35, ""assignment_submission_delay"": -0.15}",2026-09-10 18:10:04.34034,c21ecdfa-6821-58f3-80ad-01ad42723c64,,False,
a6acb07a-1b0a-4c1f-a81d-d9b95850d0d6,0588db62-528e-44a0-a7db-027039547cc9,29f10515-0a52-55f4-896b-fa882e11e38e,0.91,CRITICAL,Low Class Attendance & Midterm Scores,"{""attendance_pct"": -0.45, ""midterm_marks"": -0.15, ""assignment_submission_delay"": -0.15}",2026-09-10 18:10:04.34034,e22bf2b6-38c3-5617-9c4a-0acd181581d6,,False,
1b634e68-b5d9-46ba-aae4-75b86ea5f56f,75918ca2-6a21-408d-ac63-e5de188154ce,c697ab81-ffed-5fa6-9b51-be0954571d20,0.86,CRITICAL,Low Cumulative CGPA & Assignment Delays,"{""attendance_pct"": -0.2, ""midterm_marks"": -0.35, ""assignment_submission_delay"": -0.15}",2026-09-10 18:10:04.34034,15ca48fc-df67-512c-815e-c085107e9c59,,False,
603d22ac-4c6c-48d8-ad2b-b26edf269a1e,0dab6e6f-c53b-4063-8afc-0ed98aad91fd,2bc3bd90-0760-5d47-9467-5a5992c412e5,0.79,HIGH,Low Cumulative CGPA & Assignment Delays,"{""attendance_pct"": -0.2, ""midterm_marks"": -0.35, ""assignment_submission_delay"": -0.15}",2026-09-10 18:10:04.34034,b84eb5f1-c2a0-59d4-9839-df45cf02a21f,"Faculty intervention scheduled: mentoring, attendance follow-up and course support recommended.",True,2026-09-03 10:00:00
1abea241-94bc-4ca8-b603-69130111c04d,9fcd698f-e508-416e-90f0-bf4997ef7573,005078bd-c539-5c44-a631-7e7dd9fb778c,0.91,CRITICAL,Low Class Attendance & Midterm Scores,"{""attendance_pct"": -0.45, ""midterm_marks"": -0.15, ""assignment_submission_delay"": -0.15}",2026-09-10 18:10:04.34034,b84eb5f1-c2a0-59d4-9839-df45cf02a21f,"Faculty intervention scheduled: mentoring, attendance follow-up and course support recommended.",True,2026-09-03 10:00:00
389e0948-9570-4a0b-8c43-00ed6009e921,f7518e2b-9882-4471-a67e-228189eed01a,5297007a-130e-5341-af7a-4e9027c2dadf,0.77,HIGH,Low Cumulative CGPA & Assignment Delays,"{""attendance_pct"": -0.2, ""midterm_marks"": -0.35, ""assignment_submission_delay"": -0.15}",2026-09-10 18:10:04.34034,096bae8a-b448-52a4-b11b-94f573db47d7,,False,
9714f5c1-78bb-4366-8970-70bce8afd0ad,2558e420-74ca-4615-adc0-653af7be501b,005078bd-c539-5c44-a631-7e7dd9fb778c,0.75,HIGH,Low Class Attendance & Midterm Scores,"{""attendance_pct"": -0.45, ""midterm_marks"": -0.15, ""assignment_submission_delay"": -0.15}",2026-09-10 18:10:04.34034,15ca48fc-df67-512c-815e-c085107e9c59,,False,
50f1f8af-470a-41df-8b75-2ec56ded69f6,661cd282-beae-4ca4-98fd-00aed4f56835,cc6bfe47-d156-5f3c-a0a6-64be53ff1202,0.9,CRITICAL,Low Cumulative CGPA & Assignment Delays,"{""attendance_pct"": -0.2, ""midterm_marks"": -0.35, ""assignment_submission_delay"": -0.15}",2026-09-10 18:10:04.34034,a4aa6329-cf7f-5e3f-958c-df3fbeeac2f0,"Faculty intervention scheduled: mentoring, attendance follow-up and course support recommended.",True,2026-09-03 10:00:00
802fa88e-99f4-4aea-a86f-db4f2bdf5046,95225e7e-5ef7-420f-a5f1-41349acc160e,2bc3bd90-0760-5d47-9467-5a5992c412e5,0.91,CRITICAL,Low Cumulative CGPA & Assignment Delays,"{""attendance_pct"": -0.2, ""midterm_marks"": -0.35, ""assignment_submission_delay"": -0.15}",2026-09-10 18:10:04.34034,c21ecdfa-6821-58f3-80ad-01ad42723c64,"Faculty intervention scheduled: mentoring, attendance follow-up and course support recommended.",True,2026-09-03 10:00:00
b2a2d4b8-f7c0-4681-8037-f8efcc4325b1,f6330253-6ea8-4ef7-a826-76a4e5f290e6,5297007a-130e-5341-af7a-4e9027c2dadf,0.9,CRITICAL,Low Cumulative CGPA & Assignment Delays,"{""attendance_pct"": -0.2, ""midterm_marks"": -0.15, ""assignment_submission_delay"": -0.15}",2026-09-10 18:10:04.34034,d800e811-1ab0-565d-8548-728e67072757,"Faculty intervention scheduled: mentoring, attendance follow-up and course support recommended.",True,2026-09-03 10:00:00
a5f4b93c-6479-4f30-9efa-7748f128b988,94839a0a-17c3-4e71-9c30-c5fc1d0c1b12,730c5632-33dc-5e69-a798-6135043a47aa,0.88,CRITICAL,Low Class Attendance & Midterm Scores,"{""attendance_pct"": -0.45, ""midterm_marks"": -0.35, ""assignment_submission_delay"": -0.15}",2026-09-10 18:10:04.34034,d800e811-1ab0-565d-8548-728e67072757,,False,
f753eebf-bc9f-4c6e-8497-df488a50e401,14782e0a-46cc-42a7-9b74-f972af5f186f,730c5632-33dc-5e69-a798-6135043a47aa,0.91,CRITICAL,Low Cumulative CGPA & Assignment Delays,"{""attendance_pct"": -0.2, ""midterm_marks"": -0.35, ""assignment_submission_delay"": -0.15}",2026-09-10 18:10:04.34034,fe5c93f6-e5a4-508d-aa3d-61d3961e79b6,,False,
3199a511-3d55-40a5-9cd1-fd32eccdff1f,e36650ad-b473-4508-88d7-99356c7cd0f5,2bc3bd90-0760-5d47-9467-5a5992c412e5,0.76,HIGH,Low Class Attendance & Midterm Scores,"{""attendance_pct"": -0.45, ""midterm_marks"": -0.15, ""assignment_submission_delay"": -0.15}",2026-09-10 18:10:04.34034,aea15467-f034-51f8-bc1b-18594762d5ce,"Faculty intervention scheduled: mentoring, attendance follow-up and course support recommended.",True,2026-09-03 10:00:00
0b4dd103-490c-4cb2-bf14-23a463f6903c,b4f3fc08-dfc7-407f-a48a-e9995cb85ade,c697ab81-ffed-5fa6-9b51-be0954571d20,0.82,HIGH,Low Class Attendance & Midterm Scores,"{""attendance_pct"": -0.45, ""midterm_marks"": -0.15, ""assignment_submission_delay"": -0.15}",2026-09-10 18:10:04.34034,3a618d80-06ca-5715-898b-c91424935f9c,"Faculty intervention scheduled: mentoring, attendance follow-up and course support recommended.",True,2026-09-03 10:00:00
8e65983a-0944-4ef7-bb85-f416d80062b7,6833a84b-cae2-4f55-aeee-c22d71848337,40d412e8-fc3b-5972-8ff2-90b35de8a2d3,0.83,HIGH,Low Cumulative CGPA & Assignment Delays,"{""attendance_pct"": -0.2, ""midterm_marks"": -0.15, ""assignment_submission_delay"": -0.15}",2026-09-10 18:10:04.34034,c21ecdfa-6821-58f3-80ad-01ad42723c64,"Faculty intervention scheduled: mentoring, attendance follow-up and course support recommended.",True,2026-09-03 10:00:00
ff948cf0-fb7c-47d2-88d5-b8df9a918378,150cf0cf-578b-426a-98da-b9c6202ffe78,730c5632-33dc-5e69-a798-6135043a47aa,0.77,HIGH,Low Class Attendance & Midterm Scores,"{""attendance_pct"": -0.45, ""midterm_marks"": -0.15, ""assignment_submission_delay"": -0.15}",2026-09-10 18:10:04.34034,b84eb5f1-c2a0-59d4-9839-df45cf02a21f,,False,
6f65929d-71a2-47c1-9658-6a0c5b2d9bf8,1b72a24f-b08f-49a4-a035-c9407cfe0e5f,2bc3bd90-0760-5d47-9467-5a5992c412e5,0.74,HIGH,Low Class Attendance & Midterm Scores,"{""attendance_pct"": -0.45, ""midterm_marks"": -0.15, ""assignment_submission_delay"": -0.15}",2026-09-10 18:10:04.34034,a4aa6329-cf7f-5e3f-958c-df3fbeeac2f0,,False,
cce8809a-4e2c-42a0-9747-5772d9c4ff75,4614f111-3026-4243-876e-3ce750ab5594,5297007a-130e-5341-af7a-4e9027c2dadf,0.75,HIGH,Low Class Attendance & Midterm Scores,"{""attendance_pct"": -0.45, ""midterm_marks"": -0.15, ""assignment_submission_delay"": -0.15}",2026-09-10 18:10:04.34034,be990cb0-426f-5d38-9745-d477c185f5eb,"Faculty intervention scheduled: mentoring, attendance follow-up and course support recommended.",True,2026-09-03 10:00:00
98a90b6f-3316-4417-9af0-a81cea374014,42d9c168-fd14-43c0-b16a-ee1a15541af1,2bc3bd90-0760-5d47-9467-5a5992c412e5,0.82,HIGH,Low Cumulative CGPA & Assignment Delays,"{""attendance_pct"": -0.2, ""midterm_marks"": -0.35, ""assignment_submission_delay"": -0.15}",2026-09-10 18:10:04.34034,c21ecdfa-6821-58f3-80ad-01ad42723c64,,False,
c8fdcdf6-f345-49b3-b443-e8708fedb304,09430dca-fd8c-41d9-a410-b11374f07e3e,817d9a6f-e405-58f8-991b-373c31bd4e25,0.89,CRITICAL,Low Class Attendance & Midterm Scores,"{""attendance_pct"": -0.45, ""midterm_marks"": -0.15, ""assignment_submission_delay"": -0.15}",2026-09-10 18:10:04.34034,b84eb5f1-c2a0-59d4-9839-df45cf02a21f,"Faculty intervention scheduled: mentoring, attendance follow-up and course support recommended.",True,2026-09-03 10:00:00
60af2c14-54d6-49f8-ac45-918c5a01abe4,f2323f7e-f5df-4968-9088-7aee14f4eb31,40d412e8-fc3b-5972-8ff2-90b35de8a2d3,0.87,CRITICAL,Low Cumulative CGPA & Assignment Delays,"{""attendance_pct"": -0.2, ""midterm_marks"": -0.15, ""assignment_submission_delay"": -0.15}",2026-09-10 18:10:04.34034,be990cb0-426f-5d38-9745-d477c185f5eb,,False,
b03dbb42-1d90-4be9-93ba-7d3dc0146add,57ed2e05-c77a-4f69-8cf7-78c8758232f0,730c5632-33dc-5e69-a798-6135043a47aa,0.86,CRITICAL,Low Class Attendance & Midterm Scores,"{""attendance_pct"": -0.45, ""midterm_marks"": -0.15, ""assignment_submission_delay"": -0.15}",2026-09-10 18:10:04.34034,c21ecdfa-6821-58f3-80ad-01ad42723c64,"Faculty intervention scheduled: mentoring, attendance follow-up and course support recommended.",True,2026-09-03 10:00:00
3d543cb7-aa5a-4afb-9845-765202f8e406,18564a06-d03c-41ff-b809-34e413e95595,40d412e8-fc3b-5972-8ff2-90b35de8a2d3,0.83,HIGH,Low Class Attendance & Midterm Scores,"{""attendance_pct"": -0.45, ""midterm_marks"": -0.15, ""assignment_submission_delay"": -0.15}",2026-09-10 18:10:04.34034,fe5c93f6-e5a4-508d-aa3d-61d3961e79b6,,False,
e4bab3fc-a219-4d75-8575-4290040e185d,f79c9f07-a125-4b05-9813-9ece9d090497,005078bd-c539-5c44-a631-7e7dd9fb778c,0.81,HIGH,Low Cumulative CGPA & Assignment Delays,"{""attendance_pct"": -0.2, ""midterm_marks"": -0.35, ""assignment_submission_delay"": -0.15}",2026-09-10 18:10:04.34034,e22bf2b6-38c3-5617-9c4a-0acd181581d6,"Faculty intervention scheduled: mentoring, attendance follow-up and course support recommended.",True,2026-09-03 10:00:00
97fadee8-7c2c-4e51-8440-fd06216e6f1d,c71ed509-d656-4e2f-8147-6f70e32ad06d,539f9c66-84f9-5b19-943a-cb15d62bbc33,0.93,CRITICAL,Low Cumulative CGPA & Assignment Delays,"{""attendance_pct"": -0.2, ""midterm_marks"": -0.35, ""assignment_submission_delay"": -0.15}",2026-09-10 18:10:04.34034,c21ecdfa-6821-58f3-80ad-01ad42723c64,"Faculty intervention scheduled: mentoring, attendance follow-up and course support recommended.",True,2026-09-03 10:00:00
8789bfd1-a2d2-41fb-8760-e77aeaac7554,bd787236-a7df-4f27-b9a5-5f483f9b46ce,5ceb5573-0231-5d70-848b-193fcfdb644c,0.89,CRITICAL,Low Cumulative CGPA & Assignment Delays,"{""attendance_pct"": -0.2, ""midterm_marks"": -0.35, ""assignment_submission_delay"": -0.15}",2026-09-10 18:10:04.34034,a4aa6329-cf7f-5e3f-958c-df3fbeeac2f0,,False,
94c6b11b-3b73-4f06-b407-2b5411dec562,916ea757-e807-45e5-a720-8767c5ee1cf5,2bc3bd90-0760-5d47-9467-5a5992c412e5,0.86,CRITICAL,Low Cumulative CGPA & Assignment Delays,"{""attendance_pct"": -0.2, ""midterm_marks"": -0.15, ""assignment_submission_delay"": -0.15}",2026-09-10 18:10:04.34034,096bae8a-b448-52a4-b11b-94f573db47d7,,False,
959ab942-31da-40d6-a426-1f8e38adcfd2,a5ac9296-e848-4351-bd7b-9dee39cea3ad,945cbb28-3a50-5ed1-8e70-c416ee3f92f0,0.83,HIGH,Low Cumulative CGPA & Assignment Delays,"{""attendance_pct"": -0.2, ""midterm_marks"": -0.35, ""assignment_submission_delay"": -0.15}",2026-09-10 18:10:04.34034,aea15467-f034-51f8-bc1b-18594762d5ce,"Faculty intervention scheduled: mentoring, attendance follow-up and course support recommended.",True,2026-09-03 10:00:00
e4f4084b-1529-4e56-9921-f2ecfe63ad33,3fcad028-d89e-42be-a18b-a94532a70a96,a71f945b-22bf-5921-85a0-cb1acd7cb2e6,0.94,CRITICAL,Low Class Attendance & Midterm Scores,"{""attendance_pct"": -0.45, ""midterm_marks"": -0.15, ""assignment_submission_delay"": -0.15}",2026-09-10 18:10:04.34034,e22bf2b6-38c3-5617-9c4a-0acd181581d6,"Faculty intervention scheduled: mentoring, attendance follow-up and course support recommended.",True,2026-09-03 10:00:00
1698f057-d06a-480a-b7c8-13c30e08060f,d1d451aa-21ca-4233-afd4-555637b49547,f27d152a-f613-51a3-aea8-0506e5d24c3a,0.93,CRITICAL,Low Class Attendance & Midterm Scores,"{""attendance_pct"": -0.45, ""midterm_marks"": -0.15, ""assignment_submission_delay"": -0.15}",2026-09-10 18:10:04.34034,d800e811-1ab0-565d-8548-728e67072757,"Faculty intervention scheduled: mentoring, attendance follow-up and course support recommended.",True,2026-09-03 10:00:00
9cdc1e0c-a1bd-401c-9852-2ccda9755760,70b10dd7-ddc3-4fdc-b7bd-dce70749210d,945cbb28-3a50-5ed1-8e70-c416ee3f92f0,0.81,HIGH,Low Class Attendance & Midterm Scores,"{""attendance_pct"": -0.45, ""midterm_marks"": -0.15, ""assignment_submission_delay"": -0.15}",2026-09-10 18:10:04.34034,3a618d80-06ca-5715-898b-c91424935f9c,"Faculty intervention scheduled: mentoring, attendance follow-up and course support recommended.",True,2026-09-03 10:00:00
2d0c801f-14ec-4f78-9380-04f1f4179ef3,2bdabcc3-2e70-4201-b02c-45a7cd76215e,817d9a6f-e405-58f8-991b-373c31bd4e25,0.88,CRITICAL,Low Cumulative CGPA & Assignment Delays,"{""attendance_pct"": -0.2, ""midterm_marks"": -0.15, ""assignment_submission_delay"": -0.15}",2026-09-10 18:10:04.34034,3a618d80-06ca-5715-898b-c91424935f9c,"Faculty intervention scheduled: mentoring, attendance follow-up and course support recommended.",True,2026-09-03 10:00:00
d43812fc-1f6b-4a27-abf0-2322fc40a3f5,742ed6d3-a679-4e0e-bf16-5bc8d9f7a191,325f5f11-db40-5f00-816d-d66357e36c70,0.75,HIGH,Low Cumulative CGPA & Assignment Delays,"{""attendance_pct"": -0.2, ""midterm_marks"": -0.35, ""assignment_submission_delay"": -0.15}",2026-09-10 18:10:04.34034,fe5c93f6-e5a4-508d-aa3d-61d3961e79b6,,False,
622223e5-c750-433c-8288-06e68fddc170,4fb801ec-678c-4f37-b075-d58e3d1e135e,5297007a-130e-5341-af7a-4e9027c2dadf,0.84,HIGH,Low Cumulative CGPA & Assignment Delays,"{""attendance_pct"": -0.2, ""midterm_marks"": -0.35, ""assignment_submission_delay"": -0.15}",2026-09-10 18:10:04.34034,d800e811-1ab0-565d-8548-728e67072757,"Faculty intervention scheduled: mentoring, attendance follow-up and course support recommended.",True,2026-09-03 10:00:00
45927d57-1f62-4e49-ac86-3609d7b1177b,475036e4-6583-4e14-bf46-a1d0b9957a94,945cbb28-3a50-5ed1-8e70-c416ee3f92f0,0.78,HIGH,Low Cumulative CGPA & Assignment Delays,"{""attendance_pct"": -0.2, ""midterm_marks"": -0.15, ""assignment_submission_delay"": -0.15}",2026-09-10 18:10:04.34034,fe5c93f6-e5a4-508d-aa3d-61d3961e79b6,,False,
53051fe5-62a9-4178-99b0-03e8c60de191,1e7696b9-23a1-4c71-aae4-74468d8ccaba,d9518e1b-06ba-5f43-b6b9-67d017eaae5d,0.91,CRITICAL,Low Cumulative CGPA & Assignment Delays,"{""attendance_pct"": -0.2, ""midterm_marks"": -0.35, ""assignment_submission_delay"": -0.15}",2026-09-10 18:10:04.34034,be990cb0-426f-5d38-9745-d477c185f5eb,"Faculty intervention scheduled: mentoring, attendance follow-up and course support recommended.",True,2026-09-03 10:00:00
cab90253-8fe3-4bb6-903a-168971238fc8,44cd8e9b-17bd-4a74-8b3f-cb8b844abb94,d9518e1b-06ba-5f43-b6b9-67d017eaae5d,0.87,CRITICAL,Low Class Attendance & Midterm Scores,"{""attendance_pct"": -0.45, ""midterm_marks"": -0.15, ""assignment_submission_delay"": -0.15}",2026-09-10 18:10:04.34034,b84eb5f1-c2a0-59d4-9839-df45cf02a21f,"Faculty intervention scheduled: mentoring, attendance follow-up and course support recommended.",True,2026-09-03 10:00:00
2c2528d9-94c8-4ef6-b702-13eca2fcf82f,a84061a3-3fc6-4725-acbc-25eb3254213a,325f5f11-db40-5f00-816d-d66357e36c70,0.81,HIGH,Low Cumulative CGPA & Assignment Delays,"{""attendance_pct"": -0.2, ""midterm_marks"": -0.15, ""assignment_submission_delay"": -0.15}",2026-09-10 18:10:04.34034,15ca48fc-df67-512c-815e-c085107e9c59,,False,
cf184b6f-0570-4a23-8cb5-c39b03352102,0c1b69a6-351f-46b8-aac1-cb2bcbc389a9,5297007a-130e-5341-af7a-4e9027c2dadf,0.91,CRITICAL,Low Class Attendance & Midterm Scores,"{""attendance_pct"": -0.45, ""midterm_marks"": -0.15, ""assignment_submission_delay"": -0.15}",2026-09-10 18:10:04.34034,3a618d80-06ca-5715-898b-c91424935f9c,,False,
e1adb2bf-b872-4dd5-a769-571a81cd6f40,1f5620e1-bac2-4190-89cc-1945a52c4948,c697ab81-ffed-5fa6-9b51-be0954571d20,0.78,HIGH,Low Class Attendance & Midterm Scores,"{""attendance_pct"": -0.45, ""midterm_marks"": -0.15, ""assignment_submission_delay"": -0.15}",2026-09-10 18:10:04.34034,d0409be6-f753-5863-8426-94a84553a16e,"Faculty intervention scheduled: mentoring, attendance follow-up and course support recommended.",True,2026-09-03 10:00:00
4114c833-23fb-4a15-a600-d675e59a8bbd,365a4687-3e1d-4d9b-879b-89931ae7ceda,cc6bfe47-d156-5f3c-a0a6-64be53ff1202,0.81,HIGH,Low Class Attendance & Midterm Scores,"{""attendance_pct"": -0.45, ""midterm_marks"": -0.35, ""assignment_submission_delay"": -0.15}",2026-09-10 18:10:04.34034,096bae8a-b448-52a4-b11b-94f573db47d7,"Faculty intervention scheduled: mentoring, attendance follow-up and course support recommended.",True,2026-09-03 10:00:00
6a354a44-76c6-4f7c-9273-3bd007ba28eb,5d73d650-ba2e-4f23-811d-9030da56caeb,730c5632-33dc-5e69-a798-6135043a47aa,0.88,CRITICAL,Low Class Attendance & Midterm Scores,"{""attendance_pct"": -0.45, ""midterm_marks"": -0.15, ""assignment_submission_delay"": -0.15}",2026-09-10 18:10:04.34034,aea15467-f034-51f8-bc1b-18594762d5ce,"Faculty intervention scheduled: mentoring, attendance follow-up and course support recommended.",True,2026-09-03 10:00:00
5daee839-0520-4b2b-952e-8c6152ee0dd3,741b6fb2-4fdb-4515-a545-ac9e79d07794,cc6bfe47-d156-5f3c-a0a6-64be53ff1202,0.8,HIGH,Low Class Attendance & Midterm Scores,"{""attendance_pct"": -0.45, ""midterm_marks"": -0.15, ""assignment_submission_delay"": -0.15}",2026-09-10 18:10:04.34034,e22bf2b6-38c3-5617-9c4a-0acd181581d6,"Faculty intervention scheduled: mentoring, attendance follow-up and course support recommended.",True,2026-09-03 10:00:00
d5ea21c3-41e4-46e6-9aaa-7885a300c0b8,f2a95b3d-ac82-43f8-bfb8-5e676d9dadb4,f27d152a-f613-51a3-aea8-0506e5d24c3a,0.79,HIGH,Low Class Attendance & Midterm Scores,"{""attendance_pct"": -0.45, ""midterm_marks"": -0.15, ""assignment_submission_delay"": -0.15}",2026-09-10 18:10:04.34034,aea15467-f034-51f8-bc1b-18594762d5ce,,False,
a7e672f5-7ec0-4cae-9c90-ce916f305781,c91ca2dc-0c8c-4c55-90f7-c2f9e16c093f,cc6bfe47-d156-5f3c-a0a6-64be53ff1202,0.75,HIGH,Low Class Attendance & Midterm Scores,"{""attendance_pct"": -0.45, ""midterm_marks"": -0.15, ""assignment_submission_delay"": -0.15}",2026-09-10 18:10:04.34034,d800e811-1ab0-565d-8548-728e67072757,"Faculty intervention scheduled: mentoring, attendance follow-up and course support recommended.",True,2026-09-03 10:00:00
72fa2153-281c-46d8-a7a5-977ff1338e68,0024cc2b-b9b9-465e-8a70-6fb0348afcb1,40d412e8-fc3b-5972-8ff2-90b35de8a2d3,0.77,HIGH,Low Class Attendance & Midterm Scores,"{""attendance_pct"": -0.45, ""midterm_marks"": -0.15, ""assignment_submission_delay"": -0.15}",2026-09-10 18:10:04.34034,c21ecdfa-6821-58f3-80ad-01ad42723c64,"Faculty intervention scheduled: mentoring, attendance follow-up and course support recommended.",True,2026-09-03 10:00:00
12906a9f-82f2-4d1b-8f3f-ae0e7918a08f,4154b673-3743-4021-a177-5bf305937e30,730c5632-33dc-5e69-a798-6135043a47aa,0.72,HIGH,Low Class Attendance & Midterm Scores,"{""attendance_pct"": -0.45, ""midterm_marks"": -0.15, ""assignment_submission_delay"": -0.15}",2026-09-10 18:10:04.34034,c21ecdfa-6821-58f3-80ad-01ad42723c64,"Faculty intervention scheduled: mentoring, attendance follow-up and course support recommended.",True,2026-09-03 10:00:00
3b6d6c41-fe6d-4eae-9dcd-01f21a413cb4,88bd303b-323b-4dcc-8d13-80b7b238e458,859db046-894d-53cc-8cb4-3643d0c7f1fe,0.73,HIGH,Low Cumulative CGPA & Assignment Delays,"{""attendance_pct"": -0.2, ""midterm_marks"": -0.15, ""assignment_submission_delay"": -0.15}",2026-09-10 18:10:04.34034,fe5c93f6-e5a4-508d-aa3d-61d3961e79b6,"Faculty intervention scheduled: mentoring, attendance follow-up and course support recommended.",True,2026-09-03 10:00:00
ebb45882-4640-4a7d-a495-d074f6a16d94,a9afb85a-ba06-4c1a-99d5-2da26a6a681d,21e87180-7538-5689-922d-8889674702ed,0.81,HIGH,Low Cumulative CGPA & Assignment Delays,"{""attendance_pct"": -0.2, ""midterm_marks"": -0.35, ""assignment_submission_delay"": -0.15}",2026-09-10 18:10:04.34034,d0409be6-f753-5863-8426-94a84553a16e,,False,
ca7522c0-3608-4b29-9333-472d48e0a8b0,c338e056-2585-41f0-abb8-d65ecb53a70d,f27d152a-f613-51a3-aea8-0506e5d24c3a,0.78,HIGH,Low Class Attendance & Midterm Scores,"{""attendance_pct"": -0.45, ""midterm_marks"": -0.15, ""assignment_submission_delay"": -0.15}",2026-09-10 18:10:04.34034,a4aa6329-cf7f-5e3f-958c-df3fbeeac2f0,"Faculty intervention scheduled: mentoring, attendance follow-up and course support recommended.",True,2026-09-03 10:00:00
634fbcf6-2473-4db8-b906-f347795b0e05,485c9553-463f-4962-82b1-f171ad8c70fb,c8e42f25-4acd-5f8b-8bce-f0cab27cc71f,0.84,HIGH,Low Cumulative CGPA & Assignment Delays,"{""attendance_pct"": -0.2, ""midterm_marks"": -0.35, ""assignment_submission_delay"": -0.15}",2026-09-10 18:10:04.34034,3a618d80-06ca-5715-898b-c91424935f9c,"Faculty intervention scheduled: mentoring, attendance follow-up and course support recommended.",True,2026-09-03 10:00:00
201cc0ea-bbe0-434d-a3a3-6619a1aed78b,6e45faaf-11a8-4055-b0b9-5e35beb79440,29f10515-0a52-55f4-896b-fa882e11e38e,0.85,HIGH,Low Cumulative CGPA & Assignment Delays,"{""attendance_pct"": -0.2, ""midterm_marks"": -0.15, ""assignment_submission_delay"": -0.15}",2026-09-10 18:10:04.34034,aea15467-f034-51f8-bc1b-18594762d5ce,"Faculty intervention scheduled: mentoring, attendance follow-up and course support recommended.",True,2026-09-03 10:00:00
f1a87a41-e406-4173-bcb1-48a702f3e318,2685b452-d129-4463-a739-3c362f4120c7,005078bd-c539-5c44-a631-7e7dd9fb778c,0.78,HIGH,Low Cumulative CGPA & Assignment Delays,"{""attendance_pct"": -0.2, ""midterm_marks"": -0.15, ""assignment_submission_delay"": -0.15}",2026-09-10 18:10:04.34034,a4aa6329-cf7f-5e3f-958c-df3fbeeac2f0,"Faculty intervention scheduled: mentoring, attendance follow-up and course support recommended.",True,2026-09-03 10:00:00
66e30934-696f-4d58-9dc4-9bbdfb558df2,f32c7625-4071-40d5-9354-ce93269e7e87,29f10515-0a52-55f4-896b-fa882e11e38e,0.92,CRITICAL,Low Class Attendance & Midterm Scores,"{""attendance_pct"": -0.45, ""midterm_marks"": -0.15, ""assignment_submission_delay"": -0.15}",2026-09-10 18:10:04.34034,e22bf2b6-38c3-5617-9c4a-0acd181581d6,,False,
4b312ed6-e943-496a-8ae6-8ddd04bf5181,4f8ace03-2e04-4b18-8627-1ebba41de43f,40d412e8-fc3b-5972-8ff2-90b35de8a2d3,0.76,HIGH,Low Cumulative CGPA & Assignment Delays,"{""attendance_pct"": -0.2, ""midterm_marks"": -0.15, ""assignment_submission_delay"": -0.15}",2026-09-10 18:10:04.34034,3a618d80-06ca-5715-898b-c91424935f9c,,False,
56a0aee9-db28-4461-a826-3af4d17954be,ace83e17-34a2-4d4f-b078-852aba41c658,859db046-894d-53cc-8cb4-3643d0c7f1fe,0.9,CRITICAL,Low Class Attendance & Midterm Scores,"{""attendance_pct"": -0.45, ""midterm_marks"": -0.15, ""assignment_submission_delay"": -0.15}",2026-09-10 18:10:04.34034,fe5c93f6-e5a4-508d-aa3d-61d3961e79b6,"Faculty intervention scheduled: mentoring, attendance follow-up and course support recommended.",True,2026-09-03 10:00:00
11b918e5-8d66-4b4f-8a1c-7ca3c9d8b342,825b1a2c-10a0-4580-82e9-2d9a53634557,859db046-894d-53cc-8cb4-3643d0c7f1fe,0.84,HIGH,Low Class Attendance & Midterm Scores,"{""attendance_pct"": -0.45, ""midterm_marks"": -0.15, ""assignment_submission_delay"": -0.15}",2026-09-10 18:10:04.34034,e22bf2b6-38c3-5617-9c4a-0acd181581d6,,False,
bb9ffe27-fbe5-49b7-bbf6-8ab5d1fa4151,0978d6d4-2569-4a6c-bcb2-82a95e2ed768,817d9a6f-e405-58f8-991b-373c31bd4e25,0.8,HIGH,Low Cumulative CGPA & Assignment Delays,"{""attendance_pct"": -0.2, ""midterm_marks"": -0.35, ""assignment_submission_delay"": -0.15}",2026-09-10 18:10:04.34034,d0409be6-f753-5863-8426-94a84553a16e,"Faculty intervention scheduled: mentoring, attendance follow-up and course support recommended.",True,2026-09-03 10:00:00
c66b7401-ec67-4772-a334-38ee3868d0ff,d5faef6d-1c0f-42d0-bd08-c6248a06652d,21e87180-7538-5689-922d-8889674702ed,0.87,CRITICAL,Low Cumulative CGPA & Assignment Delays,"{""attendance_pct"": -0.2, ""midterm_marks"": -0.15, ""assignment_submission_delay"": -0.15}",2026-09-10 18:10:04.34034,a4aa6329-cf7f-5e3f-958c-df3fbeeac2f0,"Faculty intervention scheduled: mentoring, attendance follow-up and course support recommended.",True,2026-09-03 10:00:00
8cd4f88b-8a6a-47c0-8dd9-026bac532faa,5498f25a-ee5d-470f-ad4e-77381e770e42,5297007a-130e-5341-af7a-4e9027c2dadf,0.75,HIGH,Low Cumulative CGPA & Assignment Delays,"{""attendance_pct"": -0.2, ""midterm_marks"": -0.15, ""assignment_submission_delay"": -0.15}",2026-09-10 18:10:04.34034,d0409be6-f753-5863-8426-94a84553a16e,"Faculty intervention scheduled: mentoring, attendance follow-up and course support recommended.",True,2026-09-03 10:00:00
2af45480-4a53-499f-ab4a-c5c8a6c22ee8,73246218-dea4-4b96-92ff-a3977ab84d18,f8b6ad01-594d-5e52-b325-ed9eb13211e1,0.92,CRITICAL,Low Cumulative CGPA & Assignment Delays,"{""attendance_pct"": -0.2, ""midterm_marks"": -0.35, ""assignment_submission_delay"": -0.15}",2026-09-10 18:10:04.34034,096bae8a-b448-52a4-b11b-94f573db47d7,"Faculty intervention scheduled: mentoring, attendance follow-up and course support recommended.",True,2026-09-03 10:00:00
62daad41-e799-4230-bc55-a9b37f005617,996351d8-9c51-4c46-992d-6e82a35f3644,817d9a6f-e405-58f8-991b-373c31bd4e25,0.81,HIGH,Low Class Attendance & Midterm Scores,"{""attendance_pct"": -0.45, ""midterm_marks"": -0.15, ""assignment_submission_delay"": -0.15}",2026-09-10 18:10:04.34034,aea15467-f034-51f8-bc1b-18594762d5ce,"Faculty intervention scheduled: mentoring, attendance follow-up and course support recommended.",True,2026-09-03 10:00:00
fefefa87-3e2c-427e-bf71-24f5e64e23d9,3c649419-c932-4826-ade9-8beb159a5559,5ceb5573-0231-5d70-848b-193fcfdb644c,0.93,CRITICAL,Low Cumulative CGPA & Assignment Delays,"{""attendance_pct"": -0.2, ""midterm_marks"": -0.35, ""assignment_submission_delay"": -0.15}",2026-09-10 18:10:04.34034,d0409be6-f753-5863-8426-94a84553a16e,"Faculty intervention scheduled: mentoring, attendance follow-up and course support recommended.",True,2026-09-03 10:00:00
c107f6ea-5a2f-4fe2-8411-f8cecd9d6195,87410cc3-bbe5-4881-919c-09472ff3064d,2bc3bd90-0760-5d47-9467-5a5992c412e5,0.82,HIGH,Low Class Attendance & Midterm Scores,"{""attendance_pct"": -0.45, ""midterm_marks"": -0.15, ""assignment_submission_delay"": -0.15}",2026-09-10 18:10:04.34034,d800e811-1ab0-565d-8548-728e67072757,"Faculty intervention scheduled: mentoring, attendance follow-up and course support recommended.",True,2026-09-03 10:00:00
a14c04ca-91d1-4c1f-a842-93bd53432860,e44ca2c0-d1fc-44e8-b7da-0e1a2cb904ba,945cbb28-3a50-5ed1-8e70-c416ee3f92f0,0.73,HIGH,Low Cumulative CGPA & Assignment Delays,"{""attendance_pct"": -0.2, ""midterm_marks"": -0.15, ""assignment_submission_delay"": -0.15}",2026-09-10 18:10:04.34034,d0409be6-f753-5863-8426-94a84553a16e,"Faculty intervention scheduled: mentoring, attendance follow-up and course support recommended.",True,2026-09-03 10:00:00
4edc5cea-64de-4dd6-9616-cfa4f2c0b204,053d5def-ee0b-45b6-8cd8-05f2267d5293,325f5f11-db40-5f00-816d-d66357e36c70,0.74,HIGH,Low Class Attendance & Midterm Scores,"{""attendance_pct"": -0.45, ""midterm_marks"": -0.15, ""assignment_submission_delay"": -0.15}",2026-09-10 18:10:04.34034,be990cb0-426f-5d38-9745-d477c185f5eb,"Faculty intervention scheduled: mentoring, attendance follow-up and course support recommended.",True,2026-09-03 10:00:00
36be98f7-3921-4344-bd8b-eb63d6e9b43d,6700b1e8-4466-49dd-9de4-e192f1e8be86,f8b6ad01-594d-5e52-b325-ed9eb13211e1,0.79,HIGH,Low Class Attendance & Midterm Scores,"{""attendance_pct"": -0.45, ""midterm_marks"": -0.15, ""assignment_submission_delay"": -0.15}",2026-09-10 18:10:04.34034,a4aa6329-cf7f-5e3f-958c-df3fbeeac2f0,"Faculty intervention scheduled: mentoring, attendance follow-up and course support recommended.",True,2026-09-03 10:00:00
0f961815-88e3-4675-8c6a-57fa65fea9e3,3d940377-7414-4e3d-abff-766ed92f88f0,325f5f11-db40-5f00-816d-d66357e36c70,0.87,CRITICAL,Low Cumulative CGPA & Assignment Delays,"{""attendance_pct"": -0.2, ""midterm_marks"": -0.15, ""assignment_submission_delay"": -0.15}",2026-09-10 18:10:04.34034,fe5c93f6-e5a4-508d-aa3d-61d3961e79b6,"Faculty intervention scheduled: mentoring, attendance follow-up and course support recommended.",True,2026-09-03 10:00:00
d4bbf58c-cd23-4d13-b928-21fbfe53d45d,8defb13c-8403-4126-8a99-4740c436baa7,817d9a6f-e405-58f8-991b-373c31bd4e25,0.8,HIGH,Low Class Attendance & Midterm Scores,"{""attendance_pct"": -0.45, ""midterm_marks"": -0.15, ""assignment_submission_delay"": -0.15}",2026-09-10 18:10:04.34034,be990cb0-426f-5d38-9745-d477c185f5eb,,False,
d08345d3-d710-4be7-9336-eccfd1c3cad3,f8e9c3fe-8fe5-4410-83ee-6ea59a74cd4a,21e87180-7538-5689-922d-8889674702ed,0.8,HIGH,Low Class Attendance & Midterm Scores,"{""attendance_pct"": -0.45, ""midterm_marks"": -0.15, ""assignment_submission_delay"": -0.15}",2026-09-10 18:10:04.34034,e22bf2b6-38c3-5617-9c4a-0acd181581d6,,False,
323129a4-2e5a-4bc7-a2b9-ff70711da4af,2087fdc0-1be2-45fb-be9a-411cfb58ffff,5297007a-130e-5341-af7a-4e9027c2dadf,0.75,HIGH,Low Class Attendance & Midterm Scores,"{""attendance_pct"": -0.45, ""midterm_marks"": -0.15, ""assignment_submission_delay"": -0.15}",2026-09-10 18:10:04.34034,e22bf2b6-38c3-5617-9c4a-0acd181581d6,"Faculty intervention scheduled: mentoring, attendance follow-up and course support recommended.",True,2026-09-03 10:00:00
33cf2c32-d083-42af-a54a-1dbd4dfc72ee,f04b8902-882f-4f72-a783-6ad515494059,40d412e8-fc3b-5972-8ff2-90b35de8a2d3,0.85,HIGH,Low Cumulative CGPA & Assignment Delays,"{""attendance_pct"": -0.2, ""midterm_marks"": -0.35, ""assignment_submission_delay"": -0.15}",2026-09-10 18:10:04.34034,d800e811-1ab0-565d-8548-728e67072757,"Faculty intervention scheduled: mentoring, attendance follow-up and course support recommended.",True,2026-09-03 10:00:00
11e7d53d-ce45-4276-b42c-195210a5c824,76f1616e-8584-49b8-b426-b150b5817bf0,f27d152a-f613-51a3-aea8-0506e5d24c3a,0.83,HIGH,Low Cumulative CGPA & Assignment Delays,"{""attendance_pct"": -0.2, ""midterm_marks"": -0.35, ""assignment_submission_delay"": -0.15}",2026-09-10 18:10:04.34034,b84eb5f1-c2a0-59d4-9839-df45cf02a21f,,False,
55991924-1703-4005-8606-fd1f9e2ccff1,18e5f828-f968-43e2-98e3-eba147568b49,29f10515-0a52-55f4-896b-fa882e11e38e,0.79,HIGH,Low Class Attendance & Midterm Scores,"{""attendance_pct"": -0.45, ""midterm_marks"": -0.15, ""assignment_submission_delay"": -0.15}",2026-09-10 18:10:04.34034,d800e811-1ab0-565d-8548-728e67072757,,False,
bcd7bacc-b2d3-4025-b83b-5d865182284a,2907461c-f765-4d3c-a834-1d95facf9fa0,cc6bfe47-d156-5f3c-a0a6-64be53ff1202,0.95,CRITICAL,Low Cumulative CGPA & Assignment Delays,"{""attendance_pct"": -0.2, ""midterm_marks"": -0.15, ""assignment_submission_delay"": -0.15}",2026-09-10 18:10:04.34034,096bae8a-b448-52a4-b11b-94f573db47d7,,False,
5ae41539-463b-4ae2-ad20-2df529d016fb,23bbaff9-5ceb-40e8-82b6-8b7759c21a0d,29f10515-0a52-55f4-896b-fa882e11e38e,0.84,HIGH,Low Cumulative CGPA & Assignment Delays,"{""attendance_pct"": -0.2, ""midterm_marks"": -0.15, ""assignment_submission_delay"": -0.15}",2026-09-10 18:10:04.34034,fe5c93f6-e5a4-508d-aa3d-61d3961e79b6,"Faculty intervention scheduled: mentoring, attendance follow-up and course support recommended.",True,2026-09-03 10:00:00
92155feb-de4b-4b50-8aa1-6ec5ce7d414a,2f3688c9-3972-4d98-b2be-e985145a4c5f,859db046-894d-53cc-8cb4-3643d0c7f1fe,0.86,CRITICAL,Low Cumulative CGPA & Assignment Delays,"{""attendance_pct"": -0.2, ""midterm_marks"": -0.35, ""assignment_submission_delay"": -0.15}",2026-09-10 18:10:04.34034,c21ecdfa-6821-58f3-80ad-01ad42723c64,"Faculty intervention scheduled: mentoring, attendance follow-up and course support recommended.",True,2026-09-03 10:00:00
9c0d6574-0f1c-41b5-980e-35e33ce0704e,154be4f1-64e5-427b-874e-744338d4b508,a71f945b-22bf-5921-85a0-cb1acd7cb2e6,0.86,CRITICAL,Low Cumulative CGPA & Assignment Delays,"{""attendance_pct"": -0.2, ""midterm_marks"": -0.35, ""assignment_submission_delay"": -0.15}",2026-09-10 18:10:04.34034,aea15467-f034-51f8-bc1b-18594762d5ce,"Faculty intervention scheduled: mentoring, attendance follow-up and course support recommended.",True,2026-09-03 10:00:00
6932b81f-806b-4759-80a7-439635a6a152,5d5636b6-fe1c-46cb-8a21-efdc25c97705,325f5f11-db40-5f00-816d-d66357e36c70,0.75,HIGH,Low Cumulative CGPA & Assignment Delays,"{""attendance_pct"": -0.2, ""midterm_marks"": -0.35, ""assignment_submission_delay"": -0.15}",2026-09-10 18:10:04.34034,3a618d80-06ca-5715-898b-c91424935f9c,"Faculty intervention scheduled: mentoring, attendance follow-up and course support recommended.",True,2026-09-03 10:00:00
a1ebac21-edba-4a1d-bc18-234a2ef158b6,af4ecbdd-45ad-48ea-a7f1-a19d99eecb3a,c8e42f25-4acd-5f8b-8bce-f0cab27cc71f,0.74,HIGH,Low Cumulative CGPA & Assignment Delays,"{""attendance_pct"": -0.2, ""midterm_marks"": -0.15, ""assignment_submission_delay"": -0.15}",2026-09-10 18:10:04.34034,d800e811-1ab0-565d-8548-728e67072757,"Faculty intervention scheduled: mentoring, attendance follow-up and course support recommended.",True,2026-09-03 10:00:00
b4d1a57a-e895-4356-9990-33086385ad95,a5b90708-36f3-4ba6-809d-bbb957aab438,325f5f11-db40-5f00-816d-d66357e36c70,0.81,HIGH,Low Class Attendance & Midterm Scores,"{""attendance_pct"": -0.45, ""midterm_marks"": -0.15, ""assignment_submission_delay"": -0.15}",2026-09-10 18:10:04.34034,fe5c93f6-e5a4-508d-aa3d-61d3961e79b6,"Faculty intervention scheduled: mentoring, attendance follow-up and course support recommended.",True,2026-09-03 10:00:00
af23ac42-006e-479a-8fbd-e17132de0e88,55a828a2-4d99-459a-9a6b-d6b461a34f72,539f9c66-84f9-5b19-943a-cb15d62bbc33,0.81,HIGH,Low Cumulative CGPA & Assignment Delays,"{""attendance_pct"": -0.2, ""midterm_marks"": -0.15, ""assignment_submission_delay"": -0.15}",2026-09-10 18:10:04.34034,c21ecdfa-6821-58f3-80ad-01ad42723c64,"Faculty intervention scheduled: mentoring, attendance follow-up and course support recommended.",True,2026-09-03 10:00:00
45f434d5-1cc8-42d4-9e72-95fb1f5d4725,049b8b04-7223-426b-a8f9-2815a5f1ec17,a71f945b-22bf-5921-85a0-cb1acd7cb2e6,0.84,HIGH,Low Class Attendance & Midterm Scores,"{""attendance_pct"": -0.45, ""midterm_marks"": -0.15, ""assignment_submission_delay"": -0.15}",2026-09-10 18:10:04.34034,b84eb5f1-c2a0-59d4-9839-df45cf02a21f,,False,
1d99e50d-c2b5-41e8-a2b4-e76a9f35c1ff,22522b91-3559-400d-8fbb-e0cd91c2baeb,859db046-894d-53cc-8cb4-3643d0c7f1fe,0.84,HIGH,Low Cumulative CGPA & Assignment Delays,"{""attendance_pct"": -0.2, ""midterm_marks"": -0.15, ""assignment_submission_delay"": -0.15}",2026-09-10 18:10:04.34034,b84eb5f1-c2a0-59d4-9839-df45cf02a21f,"Faculty intervention scheduled: mentoring, attendance follow-up and course support recommended.",True,2026-09-03 10:00:00
86fbdb02-8796-4497-925a-c385831b0e67,b2914819-2d04-4f53-9154-1af4429f8b13,40d412e8-fc3b-5972-8ff2-90b35de8a2d3,0.89,CRITICAL,Low Cumulative CGPA & Assignment Delays,"{""attendance_pct"": -0.2, ""midterm_marks"": -0.35, ""assignment_submission_delay"": -0.15}",2026-09-10 18:10:04.34034,d0409be6-f753-5863-8426-94a84553a16e,"Faculty intervention scheduled: mentoring, attendance follow-up and course support recommended.",True,2026-09-03 10:00:00
ce246547-d709-46cd-8b49-36641774c734,4a142a35-c426-44b0-ae93-48a441ecc876,817d9a6f-e405-58f8-991b-373c31bd4e25,0.91,CRITICAL,Low Cumulative CGPA & Assignment Delays,"{""attendance_pct"": -0.2, ""midterm_marks"": -0.15, ""assignment_submission_delay"": -0.15}",2026-09-10 18:10:04.34034,b84eb5f1-c2a0-59d4-9839-df45cf02a21f,,False,
65f050d3-10a8-4912-b387-019e181d885f,1d120b48-52c7-42f1-9498-c395cda475ed,f27d152a-f613-51a3-aea8-0506e5d24c3a,0.91,CRITICAL,Low Class Attendance & Midterm Scores,"{""attendance_pct"": -0.45, ""midterm_marks"": -0.15, ""assignment_submission_delay"": -0.15}",2026-09-10 18:10:04.34034,b84eb5f1-c2a0-59d4-9839-df45cf02a21f,"Faculty intervention scheduled: mentoring, attendance follow-up and course support recommended.",True,2026-09-03 10:00:00
39dc4708-34f4-4278-ba37-5259db9aa385,fd7bc3ed-564c-48e3-8af4-d47ec4b6adae,325f5f11-db40-5f00-816d-d66357e36c70,0.77,HIGH,Low Cumulative CGPA & Assignment Delays,"{""attendance_pct"": -0.2, ""midterm_marks"": -0.35, ""assignment_submission_delay"": -0.15}",2026-09-10 18:10:04.34034,096bae8a-b448-52a4-b11b-94f573db47d7,,False,
cdafa9ee-ff9b-4224-b9b8-9ea30eff77c9,33c5f727-dccf-4d56-b26d-056cf0cbdcf1,21e87180-7538-5689-922d-8889674702ed,0.81,HIGH,Low Cumulative CGPA & Assignment Delays,"{""attendance_pct"": -0.2, ""midterm_marks"": -0.15, ""assignment_submission_delay"": -0.15}",2026-09-10 18:10:04.34034,aea15467-f034-51f8-bc1b-18594762d5ce,"Faculty intervention scheduled: mentoring, attendance follow-up and course support recommended.",True,2026-09-03 10:00:00
b806c714-127d-42ac-a6d5-6084960a4a48,0590278b-4592-4c0b-ac3d-2d87a7a3309e,730c5632-33dc-5e69-a798-6135043a47aa,0.9,CRITICAL,Low Class Attendance & Midterm Scores,"{""attendance_pct"": -0.45, ""midterm_marks"": -0.35, ""assignment_submission_delay"": -0.15}",2026-09-10 18:10:04.34034,be990cb0-426f-5d38-9745-d477c185f5eb,"Faculty intervention scheduled: mentoring, attendance follow-up and course support recommended.",True,2026-09-03 10:00:00
a5165ee5-9518-450a-b5ac-142fb0233460,ae9f84e7-e01e-49fe-9bca-05498774a11a,945cbb28-3a50-5ed1-8e70-c416ee3f92f0,0.81,HIGH,Low Class Attendance & Midterm Scores,"{""attendance_pct"": -0.45, ""midterm_marks"": -0.15, ""assignment_submission_delay"": -0.15}",2026-09-10 18:10:04.34034,e22bf2b6-38c3-5617-9c4a-0acd181581d6,"Faculty intervention scheduled: mentoring, attendance follow-up and course support recommended.",True,2026-09-03 10:00:00
d4888677-182d-427b-b391-5fa2475a402e,d4bd5a5b-0d76-4744-9c7e-d9d80146270c,817d9a6f-e405-58f8-991b-373c31bd4e25,0.78,HIGH,Low Class Attendance & Midterm Scores,"{""attendance_pct"": -0.45, ""midterm_marks"": -0.15, ""assignment_submission_delay"": -0.15}",2026-09-10 18:10:04.34034,be990cb0-426f-5d38-9745-d477c185f5eb,"Faculty intervention scheduled: mentoring, attendance follow-up and course support recommended.",True,2026-09-03 10:00:00
